Price,Close,High,Low,Open,Volume
Ticker,CARR,CARR,CARR,CARR,CARR
Date,,,,,
2020-03-19,11.256904602050781,11.256904602050781,11.256904602050781,11.256904602050781,100
2020-03-20,11.960461616516113,12.19498047174192,11.256905050838695,12.19498047174192,2300
2020-03-23,10.82538890838623,11.96046005530154,10.787865932232762,11.96046005530154,18700
2020-03-24,10.975482940673828,12.101173338119107,10.78786802353603,12.101173338119107,96100
2020-03-25,12.617115020751953,12.617115020751953,11.069290837375199,11.069290837375199,19200
2020-03-26,14.493266105651855,14.493266105651855,13.133056827447104,13.133056827447104,76400
2020-03-27,13.648996353149414,15.009205414956144,13.648996353149414,14.071130076521385,486500
2020-03-30,14.915399551391602,15.478245188832918,14.305650856345576,14.305650856345576,210000
2020-03-31,16.181798934936523,16.181798934936523,13.658376770019064,15.375053603885412,461500
2020-04-01,14.118035316467285,15.009206790744024,13.658378573209175,15.009206790744024,2998900
2020-04-02,12.457640647888184,14.9153980069315,11.369473363156468,14.690260133114949,15966300
2020-04-03,15.872238159179688,15.947284130577629,12.551450793655912,12.898538635026023,66934300
2020-04-06,14.48388385772705,16.08799283585791,13.930420120326866,16.003565906279693,37138000
2020-04-07,14.305648803710938,14.821590414899593,13.648996250660991,14.258744858217725,23486000
2020-04-08,13.376956939697266,14.305651476583417,12.879776277041493,13.60209484658751,49372700
2020-04-09,13.864754676818848,14.54016924041517,13.039248186782999,13.133056088116927,34992600
2020-04-13,13.123673439025879,13.602092064270696,13.114292471169707,13.602092064270696,21497400
2020-04-14,13.011103630065918,13.320668391470402,12.926676714297736,13.133053520106817,22350000
2020-04-15,12.532687187194824,12.809419505413322,12.138695442430132,12.692160078867126,14990700
2020-04-16,12.091792106628418,12.4294989251743,11.500804503209318,12.33569102826902,21745200
2020-04-17,12.889156341552734,12.97358327436152,12.129315735510572,12.47640354124345,21336500
2020-04-20,13.555190086364746,13.827231931336662,12.640567058522937,12.664018586947677,20032200
2020-04-21,13.780327796936035,14.305650436090154,13.301910003245668,13.339432984998215,16235900
2020-04-22,13.87413501739502,14.221222805218396,13.339432330020951,14.02422693703557,12539500
2020-04-23,14.746546745300293,14.934161661730375,13.705282393530979,13.78970932957914,12226000
2020-04-24,15.243722915649414,15.63771459488489,14.343170633770931,14.633974356870748,17390000
2020-04-27,15.759666442871094,15.76904741184057,14.985755289876506,15.168679711689101,12186100
2020-04-28,15.947282791137695,16.65083938486436,15.581433934955653,15.834712948877174,12983800
2020-04-29,16.54765510559082,16.96040892281226,16.106760161919873,16.378801189943985,12523200
2020-04-30,16.613313674926758,16.73526447302519,15.933210474075823,16.153656965776186,19094100
2020-05-01,15.731525421142578,16.275609100032312,15.590814464216024,16.256847161978932,10727200
2020-05-04,15.384437561035156,15.497007406242476,14.718403932420745,15.149918690320483,9700300
2020-05-05,14.981061935424805,15.7221413442923,14.859112046039234,15.647095396150144,16298000
2020-05-06,15.28125,15.356295964728455,14.474504537241419,15.00920725958627,10647200
2020-05-07,15.393815040588379,15.984803462777089,14.896635397883728,15.20619927085685,12454100
2020-05-08,17.223068237304688,17.2605903301361,15.886309461024526,15.98480875683599,17693300
2020-05-11,17.213687896728516,17.58891778496022,16.904123015282703,17.288733874374856,9574600
2020-05-12,16.697738647460938,17.260584152380904,16.59455158717846,17.251203185221307,7743200
2020-05-13,15.42195987701416,16.35722079535069,15.103014102010892,16.144276565828093,10676300
2020-05-14,15.525146484375,15.679929777529578,14.74654490216056,15.027967688940484,7797200
2020-05-15,15.675237655639648,15.914447862949746,15.00920504078827,15.290626919608382,7353800
2020-05-18,16.46322250366211,16.622695392741022,16.219324474940784,16.228703654383523,6135000
2020-05-19,16.669597625732422,16.810308555417322,16.08799018333521,16.360032864731025,8338100
2020-05-20,17.570154190063477,17.870338072404536,16.92288336472947,17.03545142598883,11910000
2020-05-21,18.245573043823242,18.311238056412556,17.354400414929213,17.391924301687336,9711500
2020-05-22,17.870336532592773,18.630178932187867,17.776530419371877,18.26432829152607,5937100
2020-05-26,18.301851272583008,19.324353601938423,18.14237838297977,18.395659170450234,7305400
2020-05-27,18.752124786376953,18.883454754098974,18.22680312625226,18.35813309397428,8969700
2020-05-28,18.38627815246582,19.193021777793547,18.29715984457421,18.836553913937596,8509200
2020-05-29,19.202402114868164,19.680820766659462,17.71086213847082,17.785908096247685,32990600
2020-06-01,20.46880531311035,20.590756119295666,19.277449104077416,19.277449104077416,7695700
2020-06-02,20.03729248046875,20.477249744191028,19.610468215984838,20.346857311970957,8295600
2020-06-03,20.844032287597656,21.181739964357707,20.05604890131529,20.1404758205053,9636300
2020-06-04,21.275548934936523,21.68830258430948,20.665800323576278,20.665800323576278,6651900
2020-06-05,22.10106086730957,22.88904452273075,21.932206971256857,22.08230071493267,7843600
2020-06-08,22.860898971557617,22.87027815131077,21.866537729455974,22.16672158018972,8570400
2020-06-09,21.77273178100586,22.476288415210067,21.77273178100586,22.269912446635505,6850000
2020-06-10,20.825273513793945,21.716444023954345,20.675181600730365,20.92846058575219,10262100
2020-06-11,19.7558650970459,20.45004059660834,18.76150579110366,18.911597694293558,6834800
2020-06-12,20.206146240234375,20.92846298364914,19.718346572269304,20.637660092424056,5212800
2020-06-15,20.60951042175293,21.144214760740166,19.35248957637112,19.436916483093505,7735600
2020-06-16,20.703325271606445,21.556973803486734,20.567303899466726,21.538211864728783,7287800
2020-06-17,19.943485260009766,20.956606724137625,19.774631384448956,20.797133818245413,5737700
2020-06-18,19.934104919433594,20.53447268327479,19.699586038028492,19.699586038028492,3618900
2020-06-19,20.12171745300293,20.496947244103048,19.69958281974231,20.412520317450923,14451100
2020-06-22,21.33183479309082,21.411572134033257,19.990386658917014,20.18738342712308,5995500
2020-06-23,21.003509521484375,21.800874041008154,20.937844523859532,21.688305984861852,5961200
2020-06-24,20.46880531311035,21.256788806546556,20.121718410785395,20.731467074001376,6825600
2020-06-25,20.261667251586914,20.591202154766233,19.80502595164611,20.355820337612542,6141000
2020-06-26,19.74382781982422,20.46880430800131,19.38698922828088,20.26166893815967,21346900
2020-06-29,20.82658576965332,21.156118905456918,19.772074347619103,19.847396463777198,8086000
2020-06-30,20.92073631286621,21.09962700571759,20.158099689814723,20.5347102570117,7082500
2020-07-01,21.28793716430664,21.66454780186322,20.59120703587168,21.01489332968989,9181500
2020-07-02,21.570388793945312,21.862261733745786,21.250269390620655,21.64571090085578,5667400
2020-07-06,22.794376373291016,22.869700285582386,21.77752690302935,21.77752690302935,7145200
2020-07-07,22.606075286865234,22.76613503225628,22.336799085153046,22.37069341398553,4671900
2020-07-08,22.587242126464844,22.681395225695585,22.08823195761661,22.483673537728926,4692100
2020-07-09,22.511920928955078,22.803793932294663,22.370692172230832,22.59665854215384,5470300
2020-07-10,23.43461799621582,24.536205200548785,22.33303079188286,22.44601487768519,12262400
2020-07-13,22.860286712646484,23.73590571657526,21.899928300287243,23.669999083617068,8562400
2020-07-14,23.679412841796875,23.68882833093394,22.81320759521715,22.879114223355675,7218300
2020-07-15,24.903396606445312,25.016378871355613,24.046606948289174,24.08426710465237,5798700
2020-07-16,25.05404281616211,25.41182241126097,24.404388455886398,24.592694640141083,4863400
2020-07-17,24.931644439697266,25.327086008723896,24.790415692720817,25.31767051948267,3187100
2020-07-20,24.86573600769043,24.98813556312958,24.540909733617283,24.68684531672135,2442800
2020-07-21,25.016376495361328,25.232927312389208,24.63035050124361,24.752750038395405,4952700
2020-07-22,25.044628143310547,25.47772986705738,24.78099983592926,24.79983081413241,3503900
2020-07-23,25.750776290893555,26.014402829351745,24.969308573939,25.101121843168094,6245400
2020-07-24,25.025798797607422,25.666037731711526,24.988138634565377,25.656622241995755,8293000
2020-07-27,24.715091705322266,25.214101822439503,24.55503199196925,24.95047353108724,5734900
2020-07-28,24.545618057250977,24.856322015096396,24.338482683961004,24.545618057250977,9895100
2020-07-29,25.590713500976562,26.09913733298371,24.583279530081256,24.583279530081256,12657500
2020-07-30,25.32708740234375,25.892004217154977,24.1031024667703,24.33848432328989,6742900
2020-07-31,25.647205352783203,25.75548078487472,25.072873082208172,25.280010253010154,9261300
2020-08-03,26.004985809326172,26.259196825211014,25.430653559729,25.64720441600237,4115900
2020-08-04,26.146217346191406,26.240370449018545,25.57188503518482,25.79785140447731,4382200
2020-08-05,26.466333389282227,26.52753137174303,26.042645379364462,26.042645379364462,4177300
2020-08-06,26.61697769165039,26.871190498323955,26.306273748767424,26.38159586232024,3648700
2020-08-07,27.276046752929688,27.332539687065562,26.7770384054758,27.04066491482626,3477900
2020-08-10,27.737396240234375,27.84096482851709,27.219556890462783,27.3231254787455,3516900
2020-08-11,27.765642166137695,28.547109818169154,27.718566515558592,28.39646558133087,5113800
2020-08-12,28.04810333251953,28.424713949797415,27.888043595698797,28.12342545597511,3523800
2020-08-13,27.812721252441406,28.509451337854557,27.652661516885612,28.15166990740228,3643800
2020-08-14,27.793886184692383,28.291012481614565,27.567919849347827,27.97277507778549,5008300
2020-08-17,28.09517478942871,28.420001061592345,27.438929786910542,27.775055363606228,4588200
2020-08-18,27.737396240234375,28.29289754786186,27.6526604267006,27.982193578834707,3412900
2020-08-19,27.539676666259766,27.95394922834279,27.41727889345986,27.812720476397967,3864000
2020-08-20,27.31370735168457,27.69031791477047,27.068910036723526,27.323122840239318,3166800
2020-08-21,27.793886184692383,28.076343654917878,27.384320518298377,27.454935783765148,3112600
2020-08-24,28.603605270385742,28.66009821458285,28.001028232186453,28.019859213585487,3117300
2020-08-25,28.688335418701172,29.003747989608403,28.631844285038966,28.716581883442654,3233600
2020-08-26,29.215591430664062,29.413311292636447,28.63184374117376,28.72599682603616,3316600
2020-08-27,28.509450912475586,29.413316373313087,28.396466831960378,29.253256640145484,4144700
2020-08-28,28.528278350830078,28.69304671667586,28.203452057429253,28.603600467958717,3689900
2020-08-31,28.104591369628906,28.678921824061444,28.085760391891213,28.424710807886132,3572700
2020-09-01,28.528278350830078,28.584771285542253,27.46435322191046,27.92570141380098,2778500
2020-09-02,28.980215072631836,29.14027480828674,28.09517878160934,28.4529584164621,3445400
2020-09-03,27.6149959564209,28.895473673887007,27.266630061232323,28.71658298198905,5049400
2020-09-04,28.245824813842773,28.335269279257652,27.144237574270058,27.70915442971115,4277400
2020-09-08,27.840965270996094,28.481204198153723,27.492601134397454,27.63382988695963,4733300
2020-09-09,28.36821746826172,28.570645986489648,27.82213169243822,28.17991308104515,4782000
2020-09-10,27.43610954284668,28.25523922121089,26.908854669362064,28.15167062620064,9090300
2020-09-11,27.53026008605957,27.911579317443312,27.313709221934904,27.464353457484318,4547300
2020-09-14,27.445524215698242,27.718568032296467,27.144235725535406,27.680906073115587,4299400
2020-09-15,27.95395278930664,28.283487783036968,27.58769863864091,27.756231074739947,4052100
2020-09-16,28.481201171875,28.749536311977412,27.7985935118973,28.396463570177307,4884300
2020-09-17,28.867229461669922,28.900182776457825,27.652660069636326,28.029270664227326,4735100
2020-09-18,28.989625930786133,29.37565197348633,28.716582156484602,28.716582156484602,8061000
2020-09-21,27.784475326538086,28.9708001316642,27.511431503439198,28.51886738566028,4516900
2020-09-22,28.490615844726562,28.556522467310835,27.76563940465801,27.784470381345166,4719700
2020-09-23,27.40786361694336,28.641264027386836,27.39844812729771,28.622433048095537,3348800
2020-09-24,28.132835388183594,28.21757299021777,27.10657226676461,27.417276208949637,4269300
2020-09-25,28.707172393798828,28.716587884013435,27.633831650829617,27.68090730608151,2845700
2020-09-28,28.942546844482422,29.714598886012023,28.650673905913575,28.951962332284086,7027600
2020-09-29,28.716583251953125,28.89547394553283,28.3211417058311,28.725998740648986,6851300
2020-09-30,28.75424575805664,29.413313817016107,28.57535506104697,28.820152384370502,5066600
2020-10-01,28.970796585083008,29.243838578935218,28.763659421656282,28.923719140749263,3730300
2020-10-02,29.403902053833008,29.676945878382398,28.49062106695412,28.565943191688245,2483100
2020-10-05,30.204200744628906,30.571395856314375,29.789926389585197,29.789926389585197,5088600
2020-10-06,29.66752815246582,30.4960714620993,29.611037012127873,30.448995811121172,2439400
2020-10-07,30.24186134338379,30.401922881004687,30.025310456190326,30.062972417000214,2209700
2020-10-08,30.081798553466797,30.568566568222483,29.78050830296651,30.42074896289159,2276400
2020-10-09,30.345426559448242,30.646715029080667,29.855831898385084,30.044138089815814,2700800
2020-10-12,31.07040023803711,31.22104445916193,30.317179132413003,30.68437419692716,3302600
2020-10-13,30.590229034423828,31.51292552263326,30.16654095523525,31.35286398532101,3534500
2020-10-14,30.609050750732422,31.11747635153814,30.533730434858384,30.76911225838234,3443600
2020-10-15,30.69379234313965,30.75028528112428,30.138291023704646,30.21361494101749,2691600
2020-10-16,30.844436645507812,31.32461764019652,30.524317179596025,30.99508088878147,3723000
2020-10-19,30.4301700592041,31.070409079074004,30.19478817224142,30.882102851175343,5529300
2020-10-20,31.28694725036621,31.82361744688617,30.458402339813546,30.552557211263338,3944800
2020-10-21,31.399934768676758,31.484672371367314,30.976250346865683,31.126894574799813,2909800
2020-10-22,31.908363342285156,32.13433150095133,31.211635070378332,31.211635070378332,3987700
2020-10-23,32.88755798339844,32.91580266089451,31.88012378075585,31.91778574517901,5072400
2020-10-26,31.738893508911133,32.43562549073108,31.32462267128254,32.43562549073108,5196800
2020-10-27,31.63530921936035,31.955428577997584,31.173962950278995,31.85186361366157,4032300
2020-10-28,31.352859497070312,31.78596120862234,30.844433874826585,31.00449538922557,6485900
2020-10-29,32.15508270263672,32.82517602475327,31.079157402271377,31.89082135876896,11949600
2020-10-30,31.5133113861084,32.91956738244439,31.145231948221568,32.06071416061117,6741100
2020-11-02,33.127197265625,33.155513558870915,31.966330050706652,32.089024387328074,6313000
2020-11-03,34.87322235107422,34.92984774101088,33.438653667912156,33.457529997988324,6733100
2020-11-04,34.7127799987793,35.29793550870431,33.50472351430086,33.62741787609705,9039400
2020-11-05,36.0529670715332,36.14734512448311,35.27905551640971,35.40174626518621,5778100
2020-11-06,36.76081848144531,36.83632021445141,36.001063166517774,36.36442268221281,3443000
2020-11-09,36.61923599243164,38.9787228940096,36.50598162923746,38.450200132242564,7186400
2020-11-10,35.684879302978516,37.13832042104412,35.467806951581,36.83630640168313,5588400
2020-11-11,35.920833587646484,36.55317441429715,35.76038658965241,36.32666566456532,4633000
2020-11-12,35.82645034790039,36.746652453588226,35.66128697517431,35.86420300460678,8192500
2020-11-13,36.13789749145508,36.439911487076714,35.996326855880206,36.08126851716696,5498900
2020-11-16,38.223690032958984,38.23312639698701,36.3172240733542,37.03451014939519,6135600
2020-11-17,38.09156799316406,39.14861741885752,37.6196704780858,39.12030472004636,6882700
2020-11-18,37.17607879638672,38.30863334348034,37.15720246723446,38.01605564205789,5997200
2020-11-19,36.93069076538086,37.072257822266984,36.345535409319154,36.807996435846455,8524800
2020-11-20,36.37385177612305,36.9023745500567,36.06239776980525,36.7419311651958,4338700
2020-11-23,36.59092712402344,36.94013021385345,36.24172403419343,36.80799950960921,6231700
2020-11-24,37.157196044921875,37.34123572198205,36.27003032985512,36.751364039022256,7022300
2020-11-25,36.439910888671875,37.03450250791501,36.35496922878,36.86461918813126,4280300
2020-11-27,35.684879302978516,36.65698670277851,35.354548994102295,36.515416056075686,5923500
2020-11-30,35.93026351928711,36.317219197734026,35.307359168609366,35.62824950685493,21169200
2020-12-01,35.4866828918457,36.75136806258155,35.43949387210085,36.468230343820984,6595200
2020-12-02,34.75996017456055,35.18466490499537,34.50513517612504,35.0997232388502,5578000
2020-12-03,34.627830505371094,35.64713063486272,34.54288882791346,35.09972791340429,5411900
2020-12-04,35.58106231689453,35.83588732800496,34.97231427929037,35.17523029182509,5534700
2020-12-07,34.769405364990234,35.58106958083177,34.64671101600927,35.4394989012159,3825100
2020-12-08,35.20354461669922,35.458369639643685,34.552327513813154,34.5806402051543,4022800
2020-12-09,35.71318817138672,35.854758802943444,35.288479877007255,35.3073562012342,4134800
2020-12-10,35.43006134033203,36.30779088362772,35.17240285613841,35.552752084880424,4095700
2020-12-11,35.0714111328125,35.28848348316911,34.693891810276,35.0714111328125,3102600
2020-12-14,34.5617561340332,35.43948537186984,34.467378117180246,35.392296363443364,6301200
2020-12-15,35.55275344848633,35.779265816856636,34.46739143416932,35.0147906239353,4832100
2020-12-16,35.86420822143555,35.883084552534505,35.241303696338086,35.60938315203767,3990600
2020-12-17,36.52485656738281,36.680583561034304,36.1001482211929,36.25115523313919,4095200
2020-12-18,36.60979461669922,36.67585995287508,35.496116663604994,36.57204196737278,9683100
2020-12-21,36.35497283935547,36.543732502338514,35.7990770899883,35.864199155716,2835900
2020-12-22,36.00467300415039,36.46857915116521,35.843728258406344,36.250828465518815,3303800
2020-12-23,36.127750396728516,36.3549705426697,35.7869219835876,36.08987977048137,2367600
2020-12-24,35.87213134765625,36.20349393088983,35.83426071902237,35.89106666197319,1395100
2020-12-28,35.749053955078125,37.33011840613984,35.739588103599345,36.08041654150687,3209700
2020-12-29,35.19047546386719,36.14668900016934,34.726572890508024,35.97627477808662,3748700
2020-12-30,35.72065734863281,35.786929152069376,35.266220577263894,35.32302652801342,3051000
2020-12-31,35.71118927001953,35.796396385061534,34.95379108673856,35.616512691338315,2096800
2021-01-04,35.057926177978516,36.33603263603103,35.010589704319116,36.30762786260224,4584200
2021-01-05,35.919471740722656,36.146691925737244,34.840183987873566,35.029533540128675,3701500
2021-01-06,37.917091369628906,38.11590671607515,36.27922490366176,36.27922490366176,6211500
2021-01-07,38.90170669555664,38.996379640210236,37.86975570805061,38.25792055959648,7771900
2021-01-08,38.523014068603516,39.14786499672431,37.86976197469512,39.00585555624436,6964100
2021-01-11,39.35615539550781,39.614615430646666,37.727754245173344,37.756159026510126,3761400
2021-01-12,39.5171012878418,39.706447223230754,38.86384553150637,39.346687056757965,4436100
2021-01-13,39.176273345947266,39.659111266068884,38.65556479362804,39.214140366602614,3948600
2021-01-14,38.62715530395508,39.37508394672385,38.560883511460815,39.195203883031105,3748900
2021-01-15,38.229530334472656,38.43781159459989,37.46361248596155,38.43781159459989,4501100
2021-01-19,38.22005844116211,38.797572922054684,38.05911367713219,38.5324857288091,3383000
2021-01-20,37.907630920410156,38.257925191891914,37.576268350918305,38.257925191891914,4654700
2021-01-21,37.62360763549805,38.24845852250686,37.12183086649915,38.24845852250686,4647200
2021-01-22,37.405845642089844,37.97389408435485,37.01768083173552,37.1123573778835,2585000
2021-01-25,36.818878173828125,36.9769842681915,35.21888191444795,36.89461943681384,9176800
2021-01-26,35.332489013671875,36.97035584967294,35.313553698559815,36.81887694031857,4945100
2021-01-27,34.300540924072266,34.82124949645331,32.38811726291837,34.65083525654062,8138300
2021-01-28,36.165618896484375,36.40230487929966,34.481362078402086,34.84964540987801,8108500
2021-01-29,36.449642181396484,36.73366464491723,35.758519529264085,35.87212779236407,16346400
2021-02-01,36.60112380981445,37.34905245526732,36.496981389366354,37.11236644935504,4731700
2021-02-02,36.43071365356445,37.30172013031885,36.383377169418964,37.03662931832808,2902000
2021-02-03,36.11829376220703,36.60113172966749,35.9346251507377,36.2603032295577,2987900
2021-02-04,36.2886962890625,36.47804218436115,35.84372548971947,36.32656330119736,3439000
2021-02-05,37.065032958984375,37.86029814743249,35.9762757993861,35.9762757993861,4409600
2021-02-08,37.58573913574219,37.983369899271146,37.24491070326485,37.42479077083149,4544800
2021-02-09,35.26622009277344,36.2413654255512,34.982197566012594,35.124207023621835,12941200
2021-02-10,35.20941162109375,35.92893915633359,34.840182001594776,35.6543825017936,7926400
2021-02-11,35.21888732910156,35.47923983467236,34.679243387759605,35.31356031084681,11064800
2021-02-12,35.29460906982422,35.40822093051639,34.80230184144816,35.02952195129139,5472800
2021-02-16,35.41769027709961,35.526567418128664,34.81650947062342,35.46502675129166,4174600
2021-02-17,35.25674819946289,35.37887609538937,34.74550557196227,35.24727873698598,3844400
2021-02-18,34.69817352294922,35.24728323581856,34.42550930886367,35.11473963655845,3961800
2021-02-19,35.63545227050781,35.749060566975196,34.99166590462156,35.0295365406249,3225600
2021-02-22,35.31355667114258,35.853200556864415,35.28515550185481,35.41769910725423,3017600
2021-02-23,35.124202728271484,35.20940983703397,33.91237150279787,34.868585013525966,4340100
2021-02-24,35.45556640625,35.51236873948356,34.74077361687735,34.896987256353725,5952400
2021-02-25,34.21533203125,35.28515390159304,34.0259824843201,35.09580435466314,4449900
2021-02-26,34.584571838378906,35.029542862871395,34.101733782591346,34.452028199987936,5375200
2021-03-01,35.21888732910156,35.56444696286019,34.76445051594743,34.80231754171987,4156800
2021-03-02,35.16207504272461,35.42716223312053,34.726573626633574,35.40823052941405,4431900
2021-03-03,35.14313888549805,35.57674784313822,34.679236313419615,34.88751755307968,7100100
2021-03-04,33.62835693359375,35.22835345115661,33.192855435777986,34.98220152981724,6859200
2021-03-05,34.97272491455078,35.06740148920396,32.899356685463744,34.196395060104926,7047300
2021-03-08,35.08633804321289,35.77746081064899,34.366810496606696,34.830716699935074,4659800
2021-03-09,35.14313888549805,35.70171803155107,35.12420357070313,35.36088958832658,3643400
2021-03-10,36.71472930908203,37.017687084849996,35.483962893581996,35.60704061859447,6976500
2021-03-11,37.14078140258789,37.462674634590556,36.55380090124534,37.17865204436307,5156100
2021-03-12,37.481597900390625,37.509999066815844,36.847277495071964,36.9230187542619,2546200
2021-03-15,37.49106216430664,37.62360936227578,37.01769014904246,37.131302033016,3634300
2021-03-16,36.51592254638672,37.53840798908277,36.2697706499279,37.5100032079796,5740800
2021-03-17,37.25437927246094,37.26384873602165,36.38337642506823,36.74314019798973,4066000
2021-03-18,38.81650924682617,39.3845542789921,37.301720086688874,37.301720086688874,10045200
2021-03-19,38.73130416870117,39.11000328443193,38.41982669215003,39.03426201666881,11066100
2021-03-22,39.20466995239258,39.46975712384527,37.727747972423636,38.456741305460376,10396900
2021-03-23,38.14432144165039,39.28041510736554,37.921835995719825,38.740767636628526,11248200
2021-03-24,38.002296447753906,39.03424735848123,37.99283059860936,38.343124801614834,8587400
2021-03-25,38.20112991333008,38.31947294727663,37.47214000237697,38.0496509743402,8091900
2021-03-26,38.90170669555664,38.94904316788344,37.708810979831235,38.64608541114234,5120300
2021-03-29,40.085147857666016,40.69106354189885,39.71781066150283,39.96207010569923,7698800
2021-03-30,40.10408401489258,40.63425844393851,39.564440121589435,39.829527336112406,3982200
2021-03-31,39.971534729003906,41.164430636428804,39.791651049096735,40.70999392828875,7297800
2021-04-01,39.782188415527344,40.14195219289943,39.63070950056155,39.98100381425578,4759900
2021-04-05,40.3123664855957,40.63425602029298,40.07568045487673,40.13248279086227,5731800
2021-04-06,40.53011703491211,40.99401963076267,40.0472755117541,40.36916865667871,6692600
2021-04-07,40.41650390625,40.558516964381965,39.895795379002955,40.2934297748472,6117300
2021-04-08,40.26502227783203,40.70999312583102,39.810585578649636,40.312362368374615,5212400
2021-04-09,40.47330856323242,40.766800521974716,40.00940238477421,40.5679815246115,5578100
2021-04-12,40.331302642822266,40.71473651077014,40.21769434676563,40.52065221061172,5868600
2021-04-13,40.861480712890625,41.06029613388787,39.99047775716407,40.227163814030106,7778500
2021-04-14,40.833072662353516,41.44845413960241,40.76680086651967,40.833072662353516,4651100
2021-04-15,41.26856994628906,41.43898415042985,40.425968387782746,40.8993403744979,7090900
2021-04-16,41.543128967285156,41.921824411627625,41.12655928350403,41.543128967285156,5575700
2021-04-19,41.53365707397461,42.267385097484244,41.344307557113254,41.656734801665735,10654900
2021-04-20,40.25556182861328,41.34431543789937,39.77272028800361,41.259111931189544,6545400
2021-04-21,40.76679992675781,40.82833698960154,39.952599469234414,40.23662196076673,4288100
2021-04-22,40.795204162597656,41.382184504144774,40.5679839853466,40.93721722482234,6473400
2021-04-23,42.101715087890625,42.18692220905342,40.77627178347882,41.05082846406365,6615300
2021-04-26,41.75141143798828,42.75496143781598,41.67567379148651,42.43306831421403,4019400
2021-04-27,42.565616607666016,42.64135787407901,41.65674307996424,41.79875614871742,6740600
2021-04-28,42.120643615722656,42.90643928508242,42.10170830167832,42.54667554132373,6560200
2021-04-29,41.79875946044922,42.48988231928511,41.07923181868675,41.628345209060356,9151900
2021-04-30,41.371559143066406,41.62787354457457,40.81145760149616,41.46649013463349,7279100
2021-05-03,41.25763702392578,41.95064339244131,40.99182735418973,41.88419097500729,3928800
2021-05-04,40.94436264038086,41.16270681917124,40.61209692548533,40.97284121371454,9900900
2021-05-05,41.077266693115234,41.56142053746542,40.963348780571394,41.26713229494507,6946100
2021-05-06,41.92216110229492,41.950639672559895,40.97283679869098,41.14371546305047,6237900
2021-05-07,42.56770324707031,42.9711653644178,41.6468574849901,41.88418856829861,5266100
2021-05-10,43.10881805419922,43.33665748878396,42.61516896375308,42.61516896375308,5929800
2021-05-11,42.24494171142578,42.83352190779922,41.77977109692397,42.83352190779922,8457300
2021-05-12,40.27983474731445,42.18797520574996,40.241860902025884,41.99811322207753,7542300
2021-05-13,41.05827713012695,41.42851303812154,40.355775534953565,40.51716255361411,5084200
2021-05-14,41.428524017333984,41.84622914947036,41.24815365115702,41.40004543882864,4398200
2021-05-17,41.93165969848633,42.08355508875598,41.257640200399145,41.31460097175027,6998700
2021-05-18,41.44750213623047,42.22594783530781,41.33358422502979,42.03133822123102,6355800
2021-05-19,41.238651275634766,41.41902523213517,40.53615323665132,41.04878928978102,5250300
2021-05-20,41.66584777832031,41.83672646184279,41.020306889765465,41.35257260611927,4046000
2021-05-21,41.656349182128906,42.45378169848016,41.6468539116357,41.93165046289302,5536500
2021-05-24,42.131019592285156,42.41581619954232,41.703822870706745,41.84622298502799,5125600
2021-05-25,42.45378875732422,42.890477116619785,42.254427879049956,42.38733633836121,7026800
2021-05-26,42.45378875732422,42.74807700662177,42.26867078715794,42.51074590421524,6345000
2021-05-27,43.01388931274414,43.17527272039712,42.56770569165743,42.78604986627418,12343700
2021-05-28,43.60246658325195,43.79233217273051,43.108817499161674,43.379374787218524,4197100
2021-06-01,44.47584533691406,44.703684779384595,44.219530943539205,44.24800951582861,6199300
2021-06-02,43.716392517089844,44.55654672788031,43.58348766646178,44.39041204320965,5729600
2021-06-03,43.41260528564453,43.83980199885871,42.85250373307155,43.41260528564453,4230800
2021-06-04,43.56449890136719,43.71639067015148,43.44108570754701,43.62145967268083,4016900
2021-06-07,43.72587966918945,44.02016789195692,43.54550572993466,43.83979757408702,2982400
2021-06-08,44.01066970825195,44.105600678008884,43.46955521359184,43.85877798381024,3174000
2021-06-09,43.84928894042969,44.17205935337349,43.65942697395617,43.953715194821044,4567000
2021-06-10,43.536014556884766,44.26699472897051,43.46006687186471,44.058142216550316,5163900
2021-06-11,43.76385498046875,43.934733668384006,43.346153533001086,43.83030740117076,4065700
2021-06-14,43.868282318115234,43.94423001299092,43.44203801226659,43.76385604835388,3427700
2021-06-15,44.17206954956055,44.23852197744239,43.498049997395746,43.944233688647294,3962900
2021-06-16,44.53280258178711,44.744501494206105,44.119845209316686,44.361923918791405,6778600
2021-06-17,43.79233932495117,44.53281126132895,42.82402791971111,44.523319609928045,6200000
2021-06-18,42.76706314086914,43.536017202187516,42.7385845679487,43.127807423863764,7343600
2021-06-21,44.143585205078125,44.24801146993113,43.004395185186155,43.09932979931855,4158800
2021-06-22,43.773353576660156,44.33345518038287,43.67841895317333,44.23852055689604,4046100
2021-06-23,43.87803649902344,44.39201004924635,43.487798128854266,44.25875845418863,3100600
2021-06-24,43.99226379394531,44.154068296221695,43.73527696900544,44.020816675327175,3007300
2021-06-25,44.79177474975586,44.89646985282354,44.011297899912826,44.09696017030215,8003600
2021-06-28,45.57225799560547,45.629363763323624,44.42533541613688,44.79178103622352,6283700
2021-06-29,46.36224365234375,46.73344560403728,45.71501843319408,45.71501843319408,9447900
2021-06-30,46.257545471191406,46.62875105813269,45.924416441565505,46.124293859341044,4915700
2021-07-01,46.40031814575195,46.53356976051911,45.98152683779317,46.27658294739638,3466300
2021-07-02,46.18140411376953,46.543089660445695,46.105258259381216,46.44790734246029,2702900
2021-07-06,45.848270416259766,46.281341783979634,45.324780387029385,46.26706534431135,4026400
2021-07-07,46.47646713256836,46.690621009186,45.705506641242856,45.876831194870746,4355900
2021-07-08,45.73405838012695,46.08622389563337,45.23912119655434,45.505628068222265,3482300
2021-07-09,45.94344711303711,46.50977002284288,45.886337730514576,46.20995030314164,3932600
2021-07-12,46.838157653808594,46.89526705909075,45.66744207678767,46.16237936339438,7450400
2021-07-13,46.857177734375,47.22362326947982,46.65730033204537,46.72392613282191,5600100
2021-07-14,46.638267517089844,47.32356567104461,46.54308883163351,47.0189895205834,3919800
2021-07-15,47.1712760925293,47.28073121423248,46.17188177291657,46.38127923124822,3872700
2021-07-16,46.714420318603516,47.40923499211966,46.63827445424493,47.17128461225106,3331200
2021-07-19,45.924415588378906,46.16236592821507,45.353336225105735,45.98152497703984,3722800
2021-07-20,47.494895935058594,47.6519404219099,45.98819399792977,46.143335927476144,5358600
2021-07-21,48.01838302612305,48.15163464582372,47.532962261974205,47.60910811942278,3963100
2021-07-22,48.361026763916016,48.556144148046265,47.808980251091064,48.06596704525089,6025400
2021-07-23,49.39849853515625,49.45560430053524,48.48476634991258,48.50380281531709,4494200
2021-07-26,49.027286529541016,49.577430504926404,48.78933618918425,49.303309795755034,2856100
2021-07-27,49.45560073852539,49.8839121021916,48.77030618749372,49.017772958259606,4072200
2021-07-28,49.08440017700195,49.779214795427336,49.046327247841404,49.36993988403734,5156200
2021-07-29,51.34016418457031,51.47341942521682,49.66499538418883,50.51685803930021,6166600
2021-07-30,52.58702850341797,52.834495275278734,51.35920379908726,51.606674201782305,6506800
2021-08-02,51.97787094116211,53.32942707991328,51.85603830924381,52.6346125483369,4010800
2021-08-03,54.42400360107422,54.49062940769987,52.330039823432465,52.33955987056993,4994000
2021-08-04,54.29075241088867,55.109302191050055,53.814851713663145,53.87195747359633,4619100
2021-08-05,53.6054573059082,54.76189621143269,53.21521885713388,54.595331684059694,4508600
2021-08-06,53.66256332397461,54.08135462799936,53.16286614245765,53.79581493749002,4686200
2021-08-09,53.52931213378906,53.80438050076861,53.25804888103482,53.39605688838566,2423800
2021-08-10,53.8814811706543,54.72858388816367,53.548348481530034,53.6816037356804,3763200
2021-08-11,54.14799499511719,54.278392808050086,53.37703798651557,54.04329623324904,3039200
2021-08-12,53.28184509277344,53.8434080972744,52.98678533419347,53.62449419800581,3510400
2021-08-13,53.44364929199219,53.5388279782866,53.053410868850484,53.2437682414393,2316300
2021-08-16,53.871952056884766,54.09086955073089,52.93918721981037,53.29135631454801,2081400
2021-08-17,52.49184799194336,53.43412933264203,51.74944044045763,53.25328837605192,3597000
2021-08-18,52.51087951660156,53.2913599755607,52.387147953464364,52.49184668445281,2632300
2021-08-19,52.58702850341797,53.28184310495759,51.616190618423985,51.68281642741859,4225200
2021-08-20,52.701236724853516,52.92015058715855,52.07304801494182,52.79641903292123,2621200
2021-08-23,53.18666458129883,53.457927841862336,52.6822073576917,53.16762811712174,3493300
2021-08-24,53.8814811706543,53.952867006240524,53.05341491802355,53.09148421694637,2546500
2021-08-25,54.95701217651367,55.242551858619876,53.71015108662124,53.73870396558164,3900200
2021-08-26,54.6143684387207,55.18068783479586,54.400210933103125,54.871355266961146,3601000
2021-08-27,55.509063720703125,55.60424241928007,54.833285520636856,54.833285520636856,3722600
2021-08-30,55.233028411865234,56.05157811279537,55.2235119964089,55.69941264756979,3709300
2021-08-31,54.82375717163086,55.21399558604724,54.19556841596463,55.20447916996424,4837900
2021-09-01,55.09977722167969,55.17592306923394,54.005207894341254,55.1092972680409,3007500
2021-09-02,55.12833786010742,55.480507008373706,54.70003011523575,55.34725538722835,3333300
2021-09-03,54.642913818359375,55.071225139955814,54.49062575188441,54.89990061131724,3048700
2021-09-07,53.510276794433594,54.24316432079675,53.3874928722384,53.60545548374444,4744800
2021-09-08,53.92906951904297,54.205092808421334,53.10100328174224,53.3770265711206,2650800
2021-09-09,53.995697021484375,54.62864587118586,53.69112084118965,54.07184288197529,2202000
2021-09-10,53.71015548706055,54.47159591200612,53.68160260576082,54.40497010175053,2345300
2021-09-13,53.05340576171875,54.328819641791775,52.52039572961096,54.195564410639484,4235500
2021-09-14,52.33005142211914,53.3342023984717,51.9588493798343,53.30088948777524,6193900
2021-09-15,53.072444915771484,53.20570016280042,52.187272946644626,52.40618683479796,3148900
2021-09-16,52.41569519042969,53.16761905855953,52.05400969435662,52.98677449510617,6828000
2021-09-17,52.34907913208008,52.42522498998177,51.939804222944346,52.13016523686423,15945100
2021-09-20,51.2259521484375,51.96835609438074,50.502584666599766,51.34968734970614,6439800
2021-09-21,49.1986198425293,51.54957078655128,49.1795833762044,51.50198143615638,8805600
2021-09-22,50.055233001708984,50.559686553930945,49.57933232804027,49.65547454779359,7154300
2021-09-23,50.911861419677734,51.563843092543934,50.42644064441614,50.42644064441614,4273700
2021-09-24,50.559688568115234,50.883301184335316,50.26463246242002,50.34077468520667,2135700
2021-09-27,49.8458366394043,50.57872412866843,49.75541797838629,50.531134786422,2297800
2021-09-28,49.45560073852539,49.664998212058705,48.83693199619355,49.274759776459334,5489800
2021-09-29,50.30270767211914,50.512105163359514,49.68403887747145,49.750664691805284,4735200
2021-09-30,49.26523208618164,51.09269241070661,49.23667920997825,50.5787188540433,7036700
2021-10-01,49.93149948120117,50.20752275256808,48.66084551137523,49.36042010601746,3618500
2021-10-04,49.80776596069336,49.98860690854057,49.07487849178522,49.55077916269955,3638300
2021-10-05,50.274147033691406,50.84998641493785,49.76969347988612,50.08378603745964,3524600
2021-10-06,50.07427215576172,50.16945084327755,49.1224707572666,49.617407920184164,2767500
2021-10-07,50.77860641479492,51.37824235094667,50.67391130414506,50.67391130414506,2225300
2021-10-08,49.01778030395508,50.645360098957894,48.979707370182716,50.388373242246686,3108600
2021-10-11,48.77982711791992,49.44608889740477,48.63801034937425,48.884525864374844,2566700
2021-10-12,47.875606536865234,48.96065948038223,47.66621271164014,48.81313143497733,6017700
2021-10-13,48.284889221191406,48.513323176685944,47.52344875426718,48.22777982460913,4474800
2021-10-14,50.45499038696289,50.49306331418994,48.817894455375686,48.894036678995604,5567200
2021-10-15,50.85475158691406,51.32113226252308,50.502586068273764,50.98800320851664,3602200
2021-10-18,51.378238677978516,51.41631160503909,50.35981147953017,50.426437286469096,2449600
2021-10-19,51.36872100830078,51.86365815550996,50.81667447189413,51.77799588713079,3360600
2021-10-20,51.416316986083984,51.94932712821247,51.13077726491444,51.60667801047519,3884100
2021-10-21,51.701847076416016,51.72088353839255,50.94992316709546,51.197393541956494,2397900
2021-10-22,52.02547073364258,52.44426209369735,51.76848388855171,52.13016948136493,3510600
2021-10-25,51.96835708618164,52.67269174819017,50.778605288138706,51.51149283143327,3312900
2021-10-26,51.14028549194336,52.2348584837668,51.092696151175815,52.063533952336456,2314700
2021-10-27,50.5977668762207,51.68281998987818,50.53114106263364,51.07366761946237,2673400
2021-10-28,51.914222717285156,51.995311647597546,50.20664625123493,50.75993818820425,3441300
2021-10-29,49.8250617980957,51.58988046887615,49.64381168512809,51.09382350601592,3955800
2021-11-01,49.767822265625,50.24479968571671,49.472098594159455,49.93953442798193,2945900
2021-11-02,49.98723220825195,50.58822110291089,49.48163369746037,50.0730882844959,4231000
2021-11-03,49.57703399658203,50.082628895219074,48.82340880269176,49.55795446317418,3105700
2021-11-04,50.53098678588867,50.57868379795186,49.52933133731792,49.52933133731792,2486300
2021-11-05,50.35926818847656,50.98410733637728,50.00630233845862,50.75992740540726,2466600
2021-11-08,50.88395309448242,50.960267592051565,49.95861570275664,50.54052875779867,2144800
2021-11-09,52.2862663269043,52.3339633413102,51.03658417079542,51.10336071877349,3504300
2021-11-10,52.11454772949219,52.52474855302573,51.90467652515916,52.41027136572673,2901800
2021-11-11,51.99053955078125,52.35304341428922,51.42770604127505,52.26718733185441,2315300
2021-11-12,53.535945892333984,53.57410496022553,52.16225219967912,52.37212343403366,2842500
2021-11-15,53.13528823852539,53.736280839716784,52.94449653222107,53.47871258206333,2956800
2021-11-16,53.66950225830078,54.02246819921268,52.94449811946811,52.96357765457544,3179900
2021-11-17,53.535945892333984,53.93660882709728,53.345154191925225,53.898449759205725,2507500
2021-11-18,54.39450454711914,54.43266361348311,53.6122618819022,53.94614461496472,3626600
2021-11-19,54.51852798461914,55.30077076880192,54.30865672674835,54.34204500513239,5009400
2021-11-22,53.81259536743164,54.947800380019984,53.803057419683455,54.72839119132051,4717900
2021-11-23,52.3434944152832,54.003377227609725,52.009611719235444,53.7076499546471,5108900
2021-11-24,53.1257438659668,53.25930060071086,51.847444231522225,52.06685704764872,3618700
2021-11-26,52.83001708984375,53.09712326554055,52.1050094143114,52.29580109940142,2927600
2021-11-29,53.40238952636719,53.61226074788087,52.4865937872964,53.574101682324056,3250400
2021-11-30,51.62803268432617,53.459627790050945,51.189214350316135,53.297453581974075,10100100
2021-12-01,51.13197708129883,53.326076086472845,51.0842800679361,52.267185650195565,4355300
2021-12-02,52.96356964111328,53.1352817920498,51.46586093276039,51.46586093276039,2869100
2021-12-03,53.535945892333984,53.588413700922615,52.438899983319374,53.2879192291369,3031200
2021-12-06,53.27837371826172,53.90321658205197,53.08758567095503,53.774430647166334,3194500
2021-12-07,54.03199768066406,55.03364946302484,53.20205804831355,53.555020294868584,3700200
2021-12-08,53.84120559692383,54.065385548823286,53.39284933217355,53.99383821367792,2563200
2021-12-09,53.41193771362305,54.399280912879384,53.34515752112067,54.10832437038387,2174700
2021-12-10,52.95404052734375,53.26884742455435,52.038244599357604,52.5247636879468,2536000
2021-12-13,52.40073776245117,53.459628178909306,52.36257869685567,53.24975695718282,4287700
2021-12-14,51.08427810668945,52.257642057798826,50.4661165402098,51.66619110890073,3663500
2021-12-15,51.08427810668945,51.19875166217486,49.68673419842832,51.170134183065684,5989600
2021-12-16,51.38954162597656,52.15270470206378,50.88394677039039,51.53263629482667,3802500
2021-12-17,49.853675842285156,51.21783148633973,49.58656966494817,51.08427839767124,7534500
2021-12-20,48.565834045410156,49.64380388453225,48.041159683747544,49.51025080764159,3492000
2021-12-21,49.72966766357422,49.75828514475933,48.80433028873323,49.13344587855791,2162000
2021-12-22,50.24628448486328,50.370657496952404,49.41394987991285,49.6244230739676,2282800
2021-12-23,50.533294677734375,50.882494554341676,50.236714010609674,50.26541772004099,1938300
2021-12-27,51.21256637573242,51.26997015646051,50.63854316665384,50.97338943035792,1698700
2021-12-28,51.16471862792969,51.44216468948173,50.935110862855296,51.1360185696828,2485500
2021-12-29,51.413475036621094,51.533063502919056,50.83944820866067,51.1264597978657,3183200
2021-12-30,51.231693267822266,51.901389344107855,51.1838586158483,51.49478932800411,1426200
2021-12-31,51.89182662963867,52.19797279799228,51.04992284189116,51.22213051778384,2228900
2022-01-03,50.24628448486328,51.279526813500034,49.9592729296614,50.849011305472175,4505100
2022-01-04,51.49000549316406,52.27450547514664,50.90641324203189,51.89182460441493,5460300
2022-01-05,50.10277557373047,52.06402540752089,50.045375453919426,51.279525474004714,3484300
2022-01-06,51.18385696411133,51.19342243437743,50.179314706875196,50.179314706875196,3089800
2022-01-07,49.59572219848633,51.49957193091797,49.58615672827506,51.02121813025724,4117000
2022-01-10,50.05494689941406,50.22715457850438,48.160666078970785,49.012135353611676,3902300
2022-01-11,50.26542663574219,50.4232842921896,49.643565131310226,50.2462920425773,2715200
2022-01-12,50.705509185791016,51.09775920520852,50.18888614083616,50.88728233884535,2308300
2022-01-13,49.94013977050781,51.011651310424405,49.815766754854536,50.70550515616252,2669100
2022-01-14,48.88776397705078,49.25131393955133,47.98846001670774,49.25131393955133,3246700
2022-01-18,47.50053787231445,48.18936492167765,47.07958415651175,48.02672636751765,4107400
2022-01-19,46.677764892578125,48.112826299116946,46.62036112247861,47.70144173727849,3717300
2022-01-20,45.9506721496582,48.017160747499446,45.91718752432827,47.06045299572942,3871600
2022-01-21,45.730628967285156,46.744740479429296,45.424482784288884,46.170713649148496,3876000
2022-01-24,45.59668731689453,45.740194926933455,43.34842575661891,43.635437327146626,8927300
2022-01-25,45.166160583496094,45.50101040107553,44.113783784359605,45.02265664700449,4603400
2022-01-26,44.6495475769043,46.21855130460176,44.08509352521385,45.74976291561862,4684400
2022-01-27,44.09465789794922,45.453181075819984,43.95115028358812,44.946127164297835,4483600
2022-01-28,44.43907928466797,44.687821713833074,43.50150605235221,44.19990232796852,10734800
2022-01-31,45.61581802368164,45.673221792718884,44.276425942544506,44.429499010427335,8647500
2022-02-01,45.01309585571289,45.988938132497076,44.37210345845623,45.9219688865016,4645400
2022-02-02,45.453182220458984,46.06547822754215,45.147036041692566,45.204439818792636,5972800
2022-02-03,44.23816680908203,45.29054384674476,44.17119391074681,44.78348992035912,6651800
2022-02-04,43.85547637939453,44.46776865736411,42.898768782679596,43.97984938884143,6896800
2022-02-07,43.74068069458008,44.12336161531978,43.38669618971892,43.67371144221187,7355300
2022-02-08,44.065956115722656,44.91742534885233,43.291021597596156,43.56846769477664,7924900
2022-02-09,45.902835845947266,45.99850880742379,44.81218963196706,44.94612812848388,6087400
2022-02-10,45.1087646484375,46.10373777544053,44.73086470975973,45.175733888248764,5086100
2022-02-11,43.53020095825195,45.17573939310131,43.04228163023632,45.00353171273102,5862900
2022-02-14,42.8509407043457,43.79807932659812,42.3725868326282,43.549336919107205,6410400
2022-02-15,43.769378662109375,43.87461709637256,43.377128638660466,43.58760550718684,4648300
2022-02-16,43.6737060546875,43.922448440006285,43.051844617065406,43.49192926392561,4210100
2022-02-17,42.650020599365234,43.53018971657605,42.53521307573389,43.204909032052626,4202400
2022-02-18,42.17167663574219,42.93704205617622,42.056869085514435,42.80310356379404,4938700
2022-02-22,43.329288482666016,43.67370380579556,41.81768870883077,42.08556932101481,7327500
2022-02-23,41.94206619262695,43.8076469588271,41.85596235266232,43.778943245805365,4994500
2022-02-24,42.7744026184082,42.879641054816105,40.612244709624875,40.89925630465977,5037300
2022-02-25,43.27189254760742,43.49193489955031,42.21951544708918,42.750488558133085,4237800
2022-02-28,42.93703842163086,43.14751161346515,42.3151770172957,42.535219328947406,4992600
2022-03-01,41.82725524902344,43.20491280702639,41.59764383124811,43.20491280702639,6459900
2022-03-02,42.96574020385742,43.22405170603092,42.12862101423129,42.229074879040425,7515000
2022-03-03,43.89374923706055,43.92244929951085,43.03271086804981,43.415395398621285,6534900
2022-03-04,43.05184555053711,43.66413788110561,42.40606859718908,43.233618695690204,9055000
2022-03-07,41.63591766357422,43.094894650523464,41.58808301064229,43.05184455774976,7210800
2022-03-08,41.69332504272461,42.49695604040428,40.99492518122612,41.521117357635994,6755900
2022-03-09,42.65959548950195,43.18578398226373,42.224291744416654,42.51608787804412,4529000
2022-03-10,41.913360595703125,42.26734138013573,41.67418369955005,42.02816448398266,3615800
2022-03-11,41.348907470703125,42.40128446838262,41.320203758349905,42.363015284945135,3770900
2022-03-14,41.052330017089844,42.19081094268433,40.98057620486256,41.66462240226841,6058800
2022-03-15,43.24319076538086,43.36756379399416,41.53546758805944,41.61678687041989,5998100
2022-03-16,44.850460052490234,45.06093327443792,43.54933693695726,43.58760612260245,5944300
2022-03-17,45.08006286621094,45.08006286621094,44.15205893934292,44.20945906189249,3766500
2022-03-18,45.71148681640625,45.75932511484919,44.62084076362306,45.118329141121485,6620000
2022-03-21,45.424476623535156,45.85499577546844,44.946122821287034,45.23313437272593,3467800
2022-03-22,45.434051513671875,45.85978615977906,44.98056933628112,45.52972082645201,3376000
2022-03-23,44.506038665771484,45.242703966903754,44.43906942471855,44.83131940069288,2633700
2022-03-24,44.17118835449219,44.706945926929116,44.03724987377042,44.6686767468515,2676500
2022-03-25,44.38167190551758,44.42950656307186,43.5684717784434,44.190329625749996,3624000
2022-03-28,44.860015869140625,44.87915045784498,44.008546744319766,44.4294967471667,2417200
2022-03-29,45.998504638671875,46.38118550124545,45.13746631116887,45.66365477817627,3024300
2022-03-30,45.51057815551758,46.13243952685445,45.30967044461171,45.80715881177127,2737400
2022-03-31,43.88417053222656,45.47230478301386,43.84590500716674,45.242697034457514,4390200
2022-04-01,44.04682159423828,44.40080240698172,43.673706190326264,44.29556398032959,2540800
2022-04-04,43.29102325439453,43.74067703947857,42.745700159507614,43.53976564961216,4753300
2022-04-05,42.61175537109375,43.21926306265276,42.42041313020401,43.090109148543256,3144300
2022-04-06,41.9803352355957,42.133408322845135,41.43501213417273,42.0664390752704,4214100
2022-04-07,41.79854965209961,42.104695762266566,41.21496113865913,41.454138015323906,4199500
2022-04-08,41.501983642578125,42.48739146732974,41.291506767563035,41.942068336200165,3311700
2022-04-11,40.60266876220703,41.3871686932015,40.473514843497505,40.956653197803185,4399000
2022-04-12,39.971248626708984,41.329775529460434,39.72346239972861,40.813152468573946,4808300
2022-04-13,40.286956787109375,40.75574145767065,39.84687217609884,39.990376123402385,3202400
2022-04-14,39.492889404296875,40.49743532540874,39.483323933894354,40.2965239514564,2618300
2022-04-18,39.50246047973633,39.9712451932148,39.18674519757521,39.54072966234073,3323000
2022-04-19,40.660072326660156,40.70790697595803,39.559857145060015,39.65553009320557,4335700
2022-04-20,41.568946838378906,41.846392924200835,41.00448919633254,41.00448919633254,3667400
2022-04-21,40.96622085571289,42.74569765016586,40.727043945696096,41.97076314787343,3841000
2022-04-22,39.866004943847656,40.70790867491665,39.80860482211452,40.621804842766984,4065400
2022-04-25,40.143455505371094,40.200859283052786,39.01454009115038,39.60770151187676,3254000
2022-04-26,38.316139221191406,39.97124295591471,38.201335329354215,39.79903529338397,5155000
2022-04-27,38.51704788208008,39.158043897006564,38.26830550211832,38.35440933548008,4349400
2022-04-28,37.844852447509766,38.08012137577355,34.79114418061374,34.83915772429227,15034800
2022-04-29,36.75012969970703,38.01770637616674,36.586879245739375,37.98889898090136,8408100
2022-05-02,37.067020416259766,37.4895483987348,36.13170323713138,37.00940562824854,7172200
2022-05-03,36.85575866699219,37.23987067064993,36.52926144912394,37.076623893315045,9902700
2022-05-04,37.844852447509766,38.00330043852762,35.828254307423066,36.96139152158944,7947300
2022-05-05,36.45243453979492,37.864055313332244,36.07792380310908,37.41271998286559,5054100
2022-05-06,36.27959060668945,36.49085462145843,35.59778867582471,36.27959060668945,4821000
2022-05-09,36.615684509277344,37.24947274720166,35.549767094768676,35.74182491360597,6091700
2022-05-10,36.577274322509766,37.35510688522405,35.737024521932604,37.076623215008006,5792700
2022-05-11,36.097129821777344,37.22066202779553,36.03951137664888,36.55806639321031,4809700
2022-05-12,37.547157287597656,37.58556958236915,35.79943817067304,36.02030337081208,7032900
2022-05-13,38.593875885009766,38.82434603448586,38.01770600611766,38.01770600611766,5070700
2022-05-16,38.2769775390625,38.67549686869355,37.70080408746144,38.3441972256029,5684800
2022-05-17,38.58427429199219,39.112430620064615,37.75842812003955,39.00679862181038,6868800
2022-05-18,35.87627029418945,37.91207472302067,35.72262474603613,37.211066680621215,7059600
2022-05-19,35.92427444458008,36.500444183649094,35.44413177428994,35.62658467024897,4142300
2022-05-20,36.45243453979492,36.711712049007794,35.51135524516946,36.45243453979492,5539600
2022-05-23,36.75012969970703,37.04781954917817,36.16435490798573,36.990201095448626,3170200
2022-05-24,36.4332275390625,36.730917338201884,35.530560562443654,36.53885952144093,3252900
2022-05-25,36.76932907104492,36.93737828443764,36.07792240657416,36.18355438733476,3608400
2022-05-26,37.768028259277344,37.897665182370375,37.16304740404729,37.16304740404729,3907900
2022-05-27,38.63228225708008,38.761922841010204,38.17134569208025,38.18094693453521,3359700
2022-05-31,37.74882507324219,38.40181951926306,37.25907740712726,38.20015677622827,14520500
2022-06-01,37.39351272583008,37.844848042916176,36.98058970449559,37.710408670983675,2855700
2022-06-02,38.488243103027344,38.507445588666656,37.46073428780453,37.70080565347751,3231700
2022-06-03,38.0177001953125,38.31058754355601,37.88326082166594,38.075318639674535,3212600
2022-06-06,37.99849319458008,38.55065803526597,37.96968580464454,38.19055100827927,2514800
2022-06-07,38.401817321777344,38.42101980744511,37.58557247936035,37.681603223690885,2806200
2022-06-08,37.825653076171875,38.238576219565005,37.604787805110305,38.171356513728846,2830000
2022-06-09,37.30708312988281,38.0272971182064,37.29748188851219,37.63358028445075,2070500
2022-06-10,35.85706329345703,36.75012916569462,35.54977220442891,36.75012916569462,3462600
2022-06-13,35.04081726074219,35.58817966760118,34.61828932337859,34.97359390990851,4587300
2022-06-14,34.512657165527344,35.36731427853505,34.3494104001472,34.963992491551856,3892400
2022-06-15,35.309696197509766,35.69861062990857,34.47424888735008,34.88717192111598,4040300
2022-06-16,33.206668853759766,34.56067103819046,32.995404906493256,34.44543415975536,4515200
2022-06-17,33.04342269897461,33.782842946493226,32.88017592828524,33.27389282234598,10802500
2022-06-21,33.619590759277344,33.763635036772044,32.976201289716805,33.35071201536526,4685400
2022-06-22,33.542442321777344,33.83177053952109,32.905926864871105,33.147031260350154,6304800
2022-06-23,33.581016540527344,33.73532319100174,33.243471892289826,33.43635244616227,6798300
2022-06-24,35.008358001708984,35.104801968693124,33.72086139390032,33.90892253081794,15472900
2022-06-27,34.82511901855469,35.23017263178843,34.31397888405657,35.056577174985094,3897700
2022-06-28,34.70939254760742,35.66416395278434,34.632237370360905,34.94085072142429,5341300
2022-06-29,34.516510009765625,34.690105488291174,34.04394372289907,34.64188166061955,5743200
2022-06-30,34.39112854003906,35.05657530294255,34.06322643680527,34.25611067617118,6442300
2022-07-01,34.719032287597656,34.969779235376336,34.121094428309235,34.49721668945777,4214200
2022-07-05,34.786537170410156,34.8058259609094,33.76425334771401,34.150021799777626,4414400
2022-07-06,34.89262771606445,35.114443314030865,34.497216662478934,35.00835679349018,3850700
2022-07-07,35.104801177978516,35.14337508494215,34.526148425990975,34.969779627242,3673600
2022-07-08,34.786537170410156,35.20606008610729,34.66116187164539,35.11443925097605,3346800
2022-07-11,35.23016357421875,35.519491713812954,34.43934166497086,34.632225865046955,4201200
2022-07-12,34.84440994262695,35.86669027414954,34.65248956902134,35.239821023094635,3343000
2022-07-13,34.45863342285156,34.694914656855715,33.94749337571103,34.256106650848004,2347700
2022-07-14,34.3429069519043,34.420058437021126,33.45564095981611,33.754611702175524,3508500
2022-07-15,34.719032287597656,34.96013667848375,34.29950932302987,34.83476136511389,3424000
2022-07-18,34.285037994384766,35.03728607159229,34.130731356822274,34.8154668310708,2593600
2022-07-19,35.8474006652832,35.972775984228875,34.65152489352222,34.71903383165577,2676000
2022-07-20,36.0595703125,36.194588176023494,35.649693604243446,35.82811216901998,2579600
2022-07-21,36.908260345458984,36.951657369619866,35.89562264646721,36.069218101032774,2799800
2022-07-22,37.130069732666016,37.26508757942386,36.71054684113093,37.03362946468481,4294200
2022-07-25,36.86968231201172,37.23616200930167,36.60253823994413,37.00470017970776,4092700
2022-07-26,36.73466491699219,36.893794696950515,35.84739885091994,36.55142690546992,5430700
2022-07-27,38.1330680847168,38.24879715233698,36.67679562807322,36.95647758053599,5451500
2022-07-28,38.075199127197266,38.63456299415782,36.79734531570884,38.48025635481706,6629800
2022-07-29,39.08784103393555,39.17946187589744,37.87267657357358,38.316307751248516,4777300
2022-08-01,39.12641906738281,39.57487336793515,38.72136546892828,38.72136546892828,3997200
2022-08-02,38.972110748291016,39.67613507676569,38.774407075268776,38.972110748291016,6508800
2022-08-03,39.309654235839844,39.41574074557276,38.480258306663835,39.06854986970526,4707600
2022-08-04,40.32229995727539,40.40813011903946,39.33859359364014,39.34823615060472,5381700
2022-08-05,40.38981246948242,40.438032616497416,39.811159668418284,40.07155287705294,5573900
2022-08-08,40.44767379760742,41.15169822115554,40.418742446175436,40.72735579132088,4136400
2022-08-09,40.27407455444336,40.40909609937413,40.00403882250367,40.177634272739446,4719000
2022-08-10,41.33493423461914,41.64837065484772,41.01667469682868,41.1227612094255,3437600
2022-08-11,41.51817321777344,42.34757286796505,41.48924186963773,41.52781945312591,4107100
2022-08-12,42.405433654785156,42.43436499910814,41.51816774628987,41.72069451447149,3566700
2022-08-15,42.82978057861328,42.92140141741975,41.97144960124978,42.20290773860403,3302900
2022-08-16,42.81049346923828,43.013020267120126,42.39579363797874,42.492237598132654,2430500
2022-08-17,42.559749603271484,42.87800549735293,42.22220123680557,42.29935641049875,2406100
2022-08-18,42.72370147705078,42.824964889578766,42.424734357861894,42.656192535365456,2071500
2022-08-19,40.96845245361328,42.51152256664268,40.81896892752052,42.43436740545895,6053700
2022-08-22,40.13905334472656,40.43802407944069,39.92688400686035,40.39944649838842,5642700
2022-08-23,39.98474884033203,40.37051731358817,39.724355672728265,40.13905549384232,4899500
2022-08-24,40.17763137817383,40.28371788778177,39.85455241088468,39.97510459380994,3066400
2022-08-25,40.49589538574219,40.75146545317545,40.119769443089815,40.50553794269996,3447200
2022-08-26,38.808162689208984,40.73699773247271,38.76476198767589,40.669485121314466,2669400
2022-08-29,38.325950622558594,38.84191380496841,38.31630438795622,38.422390894818896,3837700
2022-08-30,37.911251068115234,38.66349549756567,37.82445335095091,38.39345979037025,6094000
2022-08-31,37.72801208496094,38.195755167480385,37.573705430012744,38.162000701678,7306700
2022-09-01,38.37417221069336,38.403103557674044,37.580454833487394,37.64121286952325,7003700
2022-09-02,38.1716423034668,39.33858646979509,37.954646181968464,39.25178875698784,3601700
2022-09-06,38.86602783203125,38.875674068072755,37.77623493389136,38.32595634046261,4183600
2022-09-07,40.0233268737793,40.04743878323941,38.9142452599095,38.99140042701318,3202500
2022-09-08,40.62126541137695,40.659842995601544,39.58933894661524,39.6761366716401,3962300
2022-09-09,40.66947937011719,41.142045507632545,40.438021257874844,40.765923316018466,3459300
2022-09-12,40.78521728515625,41.23849101209936,40.466957741701776,40.96845528720041,3346000
2022-09-13,39.42538833618164,40.303008111932364,39.35787940565934,39.75329043255888,3458100
2022-09-14,38.75029373168945,39.463960589929826,38.34523648653195,39.36752031577647,4451900
2022-09-15,38.96246337890625,39.21321027738905,38.45614278600173,38.57669495774468,3857700
2022-09-16,37.072208404541016,38.644210003282126,36.753952533767205,38.644210003282126,7570600
2022-09-19,37.438690185546875,37.50619912187374,36.67679941390244,36.782885936404966,3622500
2022-09-20,36.464622497558594,37.21686687742018,35.92454743980956,37.120426610910876,4278000
2022-09-21,36.17529296875,37.332594517791605,36.12225339945279,36.70572545132421,3828500
2022-09-22,34.91191482543945,36.04992778897687,34.90226859005848,35.92455248175031,3430600
2022-09-23,34.82511901855469,35.095154760710514,34.3602675721738,34.670812354614064,3597200
2022-09-26,34.024654388427734,34.89263176730047,33.70639846881537,34.59366096369731,3284500
2022-09-27,34.285037994384766,34.506853555945824,33.764251713001194,34.44899086621016,4334600
2022-09-28,35.58700180053711,35.86186059900883,34.2175272460926,34.323613743565936,4526300
2022-09-29,34.35255432128906,35.297683139902716,34.09216112448307,35.18195405653157,4350000
2022-09-30,34.29469299316406,35.06140325978922,34.19824902068955,34.468288464656816,4559200
2022-10-03,35.500213623046875,35.89562469681846,34.42488636689665,34.651525094356195,3184500
2022-10-04,37.20723342895508,37.25545357401178,36.05957411021475,36.11744049165954,3973700
2022-10-05,36.84075164794922,37.15900753072748,36.348896630526845,36.570712228574976,2823600
2022-10-06,35.88597106933594,36.85038848272713,35.664155505731216,36.63821915347419,5592100
2022-10-07,34.07286834716797,35.64486605290083,33.77389763015256,35.39411914882627,9001800
2022-10-10,34.3332633972168,34.76242891375993,34.1210940373615,34.38148721801032,4794900
2022-10-11,33.89927673339844,34.67081000072011,33.72085817075247,34.18860124877396,5111800
2022-10-12,33.638877868652344,34.13072909359269,33.53279137255771,33.937844889689735,4065400
2022-10-13,33.609947204589844,33.88962915256452,31.922216639789134,32.68410732056402,7759200
2022-10-14,33.33991622924805,34.53579567527534,33.11810062211419,33.85105638138427,8519800
2022-10-17,34.285037994384766,34.70938400690194,33.67745399943727,34.25610664951694,8497400
2022-10-18,35.02764129638672,35.50020746302158,34.57436392012069,35.19159417504148,4229500
2022-10-19,33.64852523803711,34.61294271658887,33.3399119392174,34.5454337874071,4584800
2022-10-20,32.848060607910156,34.005358637735746,32.72268530572679,33.64852520117155,4300200
2022-10-21,33.93785095214844,34.0921576070432,32.74679841412746,32.98307967466238,4411100
2022-10-24,34.574363708496094,34.781713604991126,33.95713713631385,34.21753028625834,3761500
2022-10-25,35.963130950927734,35.99688541767059,34.50685840525384,34.50685840525384,5141700
2022-10-26,35.81846618652344,36.580356912025856,35.760603489725355,36.04028177515815,4953000
2022-10-27,36.68027877807617,37.36779101715467,36.341361640673334,36.844892823821944,7529900
2022-10-28,38.684722900390625,38.713771572287676,36.25421638561879,36.42851580476099,5534100
2022-10-31,38.500728607177734,38.72344734957879,38.176339538279066,38.25864655088696,5508200
2022-11-01,38.45231628417969,39.168880858525284,38.16181853010204,39.04299714400254,5129100
2022-11-02,37.881004333496094,39.66272866010402,37.861637323069104,38.47168522294083,5876900
2022-11-03,38.123085021972656,38.50073247672134,36.73837522530786,36.88362595123247,4270600
2022-11-04,39.00426483154297,39.091414530967036,38.19086886821155,38.94616749451327,3400600
2022-11-07,39.74020004272461,39.81766439706536,38.84933595758696,39.130152091566856,3730200
2022-11-08,40.098480224609375,40.558434752294666,39.60947333212346,39.885446787510595,3359800
2022-11-09,39.0623664855957,40.05006186353149,38.99942647151631,39.759564092110274,2803200
2022-11-10,42.1029167175293,42.344998807920256,40.86345759676907,40.989341318058635,5863500
2022-11-11,43.03251647949219,43.334635232321446,41.83082343188904,42.02545766394135,4760300
2022-11-14,42.22880172729492,43.022830712494134,42.20943471620718,42.616130867410824,3731600
2022-11-15,42.94535827636719,43.4682564406235,42.46119413032526,43.10997600683867,3127800
2022-11-16,42.47087860107422,43.0906081041355,42.161013849543586,42.94535738578335,2936200
2022-11-17,41.676849365234375,41.94798009708794,40.79567079283108,41.87051575679229,3077800
2022-11-18,42.52898025512695,42.82141731425562,41.98671873178307,42.53866560740357,4272700
2022-11-21,42.49992752075195,42.65485989744161,42.21911143366468,42.49024586328101,2477100
2022-11-22,42.64517593383789,42.89693964713919,42.35951718652316,42.848523974644216,3125500
2022-11-23,42.76137924194336,43.21649474267044,42.42246580132498,42.7129635638378,2606700
2022-11-25,42.80979537963867,43.0034617880195,42.70327867033524,42.8001137214654,986300
2022-11-28,41.93830490112305,42.80011659776058,41.773687150078715,42.461199436848005,2370700
2022-11-29,42.14165115356445,42.34499922496448,41.715588000076835,41.80273400735148,3259800
2022-11-30,42.916316986083984,42.98409968266997,40.81020332757956,41.99640421171426,8731200
2022-12-01,43.50698471069336,43.78780076482728,42.98892929062917,43.40046802161644,4361500
2022-12-02,43.26490783691406,43.57477259093929,42.52897627569471,42.74200967929177,3857000
2022-12-05,42.37404251098633,42.650015913935995,41.831781056140166,42.57739425043276,3726200
2022-12-06,41.6574821472168,42.55802772363542,41.14426935196631,42.46119268140381,2505200
2022-12-07,41.71559143066406,42.228804327511284,41.39604126885964,41.68653906530373,3973900
2022-12-08,42.09323501586914,42.36920845087542,41.75431787334312,41.87051993620438,2524200
2022-12-09,41.6574821472168,42.21911061664351,41.58969946459425,41.98671390304596,3065200
2022-12-12,41.8898811340332,41.93345782887197,41.042593861392824,41.26046994782797,3593600
2022-12-13,42.916316986083984,43.57478063338779,42.41278574438813,43.30364984704384,6015600
2022-12-14,42.412784576416016,43.206813595025665,41.97703604330589,43.1777649241116,4045000
2022-12-15,41.1152229309082,41.918937275060294,40.737575446356615,41.7736865376729,4416800
2022-12-16,40.42770767211914,40.86345615825918,40.20499260006521,40.63105573435802,5812700
2022-12-19,40.18562698364258,40.79567488539138,39.87091952752488,40.514858774155314,3217400
2022-12-20,40.05974197387695,40.32119106621679,39.93386195058251,40.050060315884856,2909300
2022-12-21,40.94001388549805,41.06646305429046,40.424495774187776,40.58984923990171,2578800
2022-12-22,40.54121780395508,40.871928459869636,39.90897564367161,40.40504348277943,2885200
2022-12-23,40.64821243286133,40.67252715533527,40.152144600352464,40.39531408792334,1875100
2022-12-27,40.72602844238281,41.25127547380636,40.47313378492273,40.541220950795534,2228900
2022-12-28,39.84088897705078,40.88165411376511,39.82143497228849,40.69684663423139,2107100
2022-12-29,40.706573486328125,40.84275152536782,39.96733982675923,40.268871347496,1966300
2022-12-30,40.12296676635742,40.550943742761966,39.714443794853814,40.28832024230734,2248700
2023-01-03,40.4731330871582,40.94001809243919,40.020837658530965,40.7941149049573,2866100
2023-01-04,40.88166046142578,41.41663639927393,40.5947221951914,41.21237117278982,3491900
2023-01-05,40.39531326293945,40.930289093047236,39.99651545988664,40.37585925907445,3891000
2023-01-06,41.951602935791016,42.16558957142977,40.58985225949454,40.72602658502977,2726800
2023-01-09,42.311492919921875,42.997232689650666,41.80569991562248,42.1266854360416,3384900
2023-01-10,42.79783630371094,42.88537748093288,42.000240560343215,42.554666779258035,3421000
2023-01-11,43.955322265625,44.013684287743494,43.060460189309836,43.18690938199698,5300500
2023-01-12,44.01367950439453,44.42220248340871,43.69269398333587,44.25684900441881,3275800
2023-01-13,44.616737365722656,44.80154855439648,43.78023371933288,43.809416581502,2826900
2023-01-17,44.18876266479492,44.87449873819794,44.06717791251681,44.655647668286214,3619800
2023-01-18,42.33094787597656,44.4076138160845,42.204498694443394,44.40275309752443,5291500
2023-01-19,40.76493453979492,41.96132802597476,40.74548053467752,41.96132802597476,4846600
2023-01-20,41.40690231323242,41.47985390559124,40.62876065250664,40.852476148060795,5217500
2023-01-23,42.09749984741211,42.10236427602015,41.27072508669446,41.426353407905026,3633100
2023-01-24,42.50602722167969,42.82700901622201,41.688977594019356,42.146137418565,4191600
2023-01-25,42.32122039794922,42.41362600021424,41.630619871737785,42.009963718234985,2911700
2023-01-26,42.4573974609375,42.797833286986,41.9905087416821,42.5935717913569,2460100
2023-01-27,42.42821502685547,42.78810857286458,42.19477437533458,42.301769553311765,1868900
2023-01-30,42.38930892944336,42.78810676016286,42.19477258776924,42.19477258776924,2620900
2023-01-31,44.28602981567383,44.36384583962258,42.83187718999981,42.992369956539925,4687500
2023-02-01,44.879364013671875,45.29275143711975,43.41062181105872,43.92613998308978,5878800
2023-02-02,45.842315673828125,46.1876159222992,45.27329621772641,45.46297184340841,3979100
2023-02-03,45.60887145996094,46.11272018483345,45.09335330015001,45.26843563942016,3448400
2023-02-06,44.88909149169922,45.46297166404944,44.66537228495119,45.025265818956534,4829500
2023-02-07,43.17717742919922,43.439800944205295,42.36012773044884,42.54493893201177,8139800
2023-02-08,43.8288688659668,44.11094264573649,43.10908556508698,43.517612225173316,5003700
2023-02-09,43.69268798828125,44.76263586786426,43.64405483704375,44.20820978071924,3884000
2023-02-10,43.60515594482422,43.78509899774429,43.206354408040795,43.44952390482754,3360500
2023-02-13,44.198486328125,44.39302266733163,43.57597301104145,43.702422188096556,3193000
2023-02-14,43.89695739746094,44.353141372134566,43.55651788499374,43.974769704857586,3001000
2023-02-15,44.23739242553711,44.256846429663916,43.38629922496665,43.43007166186994,2492200
2023-02-16,43.994224548339844,44.38329722415896,43.25012648802241,43.371711235406885,3865900
2023-02-17,43.9844970703125,44.042855371262405,43.35225493322848,43.82886875032638,2520900
2023-02-21,42.632476806640625,43.653787923476074,42.462255195108085,43.517613602627605,4145900
2023-02-22,42.40875244140625,43.040994523109454,42.20935541317375,42.85618706883647,4776700
2023-02-23,43.235538482666016,43.36198766347166,42.54493798294748,42.720016611907084,5376600
2023-02-24,43.04100036621094,43.240401131984925,42.408758198676665,42.62274854039079,3080500
2023-02-27,43.731605529785156,43.87750872578562,43.332807665919304,43.527344023762446,3543300
2023-02-28,43.79969024658203,44.41247844081911,43.58083917530489,43.62460790537144,8580600
2023-03-01,44.34439468383789,44.42220700231572,43.62461125793739,43.66351927241254,5315600
2023-03-02,44.83073425292969,44.93772943874016,43.93586846199233,44.003959343349244,4663000
2023-03-03,46.484283447265625,46.61072891827384,45.05444557110042,45.18089475258082,5822700
2023-03-06,47.058162689208984,47.34510091824504,46.24111302061167,46.48428252066477,8572500
2023-03-07,46.25083541870117,47.82657264644599,46.192477116859585,47.077613896018505,7577900
2023-03-08,46.09521484375,46.62046191143601,45.63319422764828,46.43565440708983,4278500
2023-03-09,44.88909149169922,46.2167948929302,44.80155032268064,46.16329730572595,4393800
2023-03-10,44.39302062988281,45.47269373797877,43.90181723078642,44.937721612567515,6072800
2023-03-13,43.527339935302734,44.17903240582146,43.31334959072784,43.887229751701554,5558700
2023-03-14,44.500022888183594,45.21494188235788,43.96505067752397,44.43193571830723,5854300
2023-03-15,42.12668991088867,43.76078941821363,41.18319096510143,43.50789103396412,8194600
2023-03-16,43.26471710205078,43.51761546054241,41.562530597828925,41.893241267068056,5224300
2023-03-17,42.55466079711914,43.15772009405474,41.82515232631138,43.006956197438825,8427500
2023-03-20,43.76078414916992,43.91641247824938,42.77837730709736,42.91455163123287,3888700
2023-03-21,43.96504211425781,44.70135925976713,43.74132664102775,44.363839907489094,4283200
2023-03-22,42.97291946411133,44.39302862303701,42.90483229282534,43.93586872114034,4161600
2023-03-23,43.089637756347656,43.965049503484636,42.671385889434696,43.021550588289486,4330600
2023-03-24,42.72001647949219,42.729745337470554,41.834879637540574,42.49630098212773,5157600
2023-03-27,43.089637756347656,43.634338811285375,42.85716924118796,43.46898160994956,3387200
2023-03-28,43.527339935302734,44.276302430842804,43.303624443461736,44.17903240582146,2276400
2023-03-29,44.140132904052734,44.354119561414635,43.77051418974042,44.023408861339924,3278300
2023-03-30,43.85804748535156,44.59728107066521,43.75105232066116,44.41247360195475,4046900
2023-03-31,44.500022888183594,44.821008440862855,44.08663543951354,44.50974803653487,4795800
2023-04-03,44.4416618347168,44.70428537159162,43.99423079136232,44.26657947680025,4055300
2023-04-04,41.71815490722656,44.49028917308926,41.47984985854567,44.35411114908556,7067600
2023-04-05,40.94974136352539,42.00023536012277,40.565536827675515,42.00023536012277,6323100
2023-04-06,40.657936096191406,41.154003910599286,40.161871992255314,40.95946758554662,4861900
2023-04-10,41.1442756652832,41.16372966912487,40.34668006013396,40.65793670065699,2859500
2023-04-11,42.33094787597656,43.72187774142485,41.183187515530115,41.28045383334198,10205900
2023-04-12,42.66165542602539,43.13340482484658,42.38930678772529,42.79782974517545,4310400
2023-04-13,42.89509963989258,43.104225564766736,41.92242160986805,42.56438896126535,4686900
2023-04-14,43.089637756347656,43.64406395937695,42.66652517062509,43.109091763003185,4449500
2023-04-17,43.546791076660156,43.6926905388897,43.138264419379446,43.2841675920808,3442700
2023-04-18,43.5857048034668,44.198489304090295,43.32794200314095,44.01368181016021,3688700
2023-04-19,43.75105667114258,43.87750585202969,43.29487267090294,43.313350822281144,4034700
2023-04-20,44.140132904052734,44.2422636585721,43.33280830574852,43.556523821906055,4965900
2023-04-21,43.9844970703125,44.28602485314521,43.78996074271189,44.14012539029862,4338800
2023-04-24,40.78438949584961,45.92012823148403,40.40504566339554,44.13040053414595,20848600
2023-04-25,41.163726806640625,42.116950665765145,40.95946534621499,41.6111577324696,10038400
2023-04-26,39.539363861083984,40.327230699795884,39.296194350770975,40.064607183401165,13613200
2023-04-27,40.32722854614258,40.400180137434994,39.369140132999945,40.0159718864022,9896000
2023-04-28,40.677391052246094,41.13455087025394,40.327226401046204,40.4244964210861,6033900
2023-05-01,40.0451545715332,40.81357114138888,39.91384466400029,40.482860447430255,5322500
2023-05-02,40.677391052246094,40.70657020302213,39.24755329667048,40.34668040505418,7361700
2023-05-03,39.967342376708984,41.392315909514465,39.70471885037081,40.75521295572351,6212600
2023-05-04,40.157867431640625,40.167640289929885,39.35666450557553,39.71818571721109,7327700
2023-05-05,41.408531188964844,41.50623741431007,40.74411842030728,40.96884572040417,6581600
2023-05-08,41.62348556518555,42.05340190144188,41.242426068779125,41.906838836399295,6666800
2023-05-09,41.79935836791992,42.092484488296606,41.39875689429237,41.53554709593298,5662700
2023-05-10,42.09248733520508,42.54194195020961,41.50623878205448,42.38560974815353,6609000
2023-05-11,41.84821319580078,42.14133557484267,41.5844019364871,42.102251597036215,4128800
2023-05-12,41.428070068359375,42.102251918020976,40.842798118917415,41.906835754752116,4160600
2023-05-15,41.82867431640625,41.90683855057656,40.99327379676991,41.15448869451291,4415400
2023-05-16,41.18380355834961,41.877527443592584,41.05678248461735,41.46715310047819,7685500
2023-05-17,41.9166145324707,42.24393450900031,41.37921907577573,41.398761067587714,4742900
2023-05-18,42.27812576293945,42.395373969086215,41.61859947839065,41.730961255499096,2763700
2023-05-19,41.80913162231445,42.67872967862318,41.48669437774866,42.63964569856911,4903400
2023-05-22,41.4573860168457,42.11202595370088,41.31082294551056,41.73096644093399,3979100
2023-05-23,40.558467864990234,41.34013250913891,40.31419859550709,41.02746814238074,4141400
2023-05-24,40.35328674316406,40.63664001958625,40.02596678277307,40.51939180174914,6428300
2023-05-25,40.255584716796875,40.734350497155,40.05039938235768,40.65618625285846,5394400
2023-05-26,39.95268249511719,40.64640634978032,39.79635030635855,40.568242119027694,4815800
2023-05-30,40.792972564697266,40.86136766961946,39.61071006275231,40.040622683299475,7229600
2023-05-31,39.96245574951172,40.5487005313528,39.561854278894515,40.22626329226281,10124000
2023-06-01,40.548702239990234,40.57801336214137,39.77681038714594,40.09924763982277,3883800
2023-06-02,42.44422912597656,42.63475886787959,41.01769741271421,41.11540736192951,6509700
2023-06-05,42.20973205566406,42.57124954408818,41.90683680861751,42.57124954408818,3802200
2023-06-06,42.84482955932617,43.17703592408512,42.024084642113095,42.160878567693075,3256800
2023-06-07,44.554718017578125,44.57426000849264,42.85460580780608,42.98162688512356,7062900
2023-06-08,44.554718017578125,44.57426000849264,43.08910224427287,43.08910224427287,6124100
2023-06-09,44.261592864990234,44.83806851584991,43.69489007260891,44.77944627399351,5920200
2023-06-12,44.779449462890625,45.00417676960177,43.87076737687175,44.24205402591432,5371500
2023-06-13,45.69790267944336,45.79560891193753,45.28752830300938,45.434091379004485,4301500
2023-06-14,45.10187530517578,46.13757829303371,44.74035784971482,46.049641211732066,7078900
2023-06-15,45.473167419433594,45.64904158900364,44.35930016365879,44.75990161051206,5493500
2023-06-16,45.80537796020508,46.32322765839231,45.4633987204229,46.215748575239445,9587800
2023-06-20,46.518638610839844,46.53818059896906,45.38522939011698,45.46339361538074,6529700
2023-06-21,47.114654541015625,47.310066960906695,46.19619976761442,46.29390970481295,7084200
2023-06-22,46.94301223754883,47.139181024478496,46.65856768358123,47.070522510294374,5804200
2023-06-23,47.12936782836914,47.50208812803072,46.354503222254436,46.609523753141694,5922800
2023-06-26,47.69825744628906,48.0611672534094,47.13917886124133,47.13917886124133,5073200
2023-06-27,48.54178237915039,48.644770149534,47.78653498806224,48.05136228688082,4387300
2023-06-28,48.375038146972656,48.67909995458334,48.169062603885614,48.30637963261031,3325600
2023-06-29,48.54178237915039,48.737947422771526,48.25733782764803,48.365230846604675,5287600
2023-06-30,48.75756072998047,49.12537576941896,48.47311620149543,48.68890222194726,4305900
2023-07-03,49.081241607666016,49.20384662542601,48.590821536626045,48.77717981664228,2039300
2023-07-05,48.296573638916016,49.19894483711941,48.281857892798996,48.97335203756856,2612200
2023-07-06,48.12983322143555,48.20830224140739,47.423627008124186,48.10040920975051,4292000
2023-07-07,48.38484573364258,48.963537822283065,47.88461516868434,47.88461516868434,2885800
2023-07-10,50.277862548828125,50.29747980008217,48.56139235098405,48.585914850453634,5221400
2023-07-11,51.984527587890625,52.013951594871024,50.52307412826306,50.53288462499534,8662600
2023-07-12,52.10223388671875,52.86729183855798,51.63143100799159,52.48476099183403,7832600
2023-07-13,52.10223388671875,52.51418874411044,51.71970678160348,52.249361423274784,4948300
2023-07-14,52.80843734741211,53.019318143389896,51.78836262539826,51.98453141680223,6195900
2023-07-17,53.51464080810547,53.661764588051945,52.47985413356624,52.81824144656894,5999900
2023-07-18,54.18161392211914,54.20122743336899,53.60291805843003,53.61272481405496,4199700
2023-07-19,54.17180252075195,54.51509882762916,53.74513569682493,53.98544423412148,6122600
2023-07-20,53.622535705566406,54.436634924737355,53.22039134497594,54.436634924737355,5500700
2023-07-21,52.720157623291016,53.56662164797173,52.41609583234517,53.544063492091425,6365400
2023-07-24,52.779014587402344,53.45579300507466,52.474952766449434,52.52399403005898,3560100
2023-07-25,52.87709426879883,53.1713455762282,52.347439670460936,52.474949942270065,3914600
2023-07-26,53.38712692260742,53.39693367729626,52.607357097759284,52.661303602568005,6769100
2023-07-27,55.66267776489258,56.035398064536864,52.61226434070547,52.61226434070547,9557000
2023-07-28,57.859764099121094,58.03631188995729,56.14329377716104,56.28061080426051,8727200
2023-07-31,58.409027099609375,58.654237124159884,57.66359027128337,57.84994854296286,6154100
2023-08-01,58.654239654541016,58.889642934572485,57.928420045859696,58.21286084298713,4086200
2023-08-02,57.84995651245117,58.46788690709563,57.349729639763744,58.40903514611712,4812000
2023-08-03,56.9868049621582,57.86956249688948,56.93285846050197,57.86956249688948,5041500
2023-08-04,55.986358642578125,57.320298129469194,55.36842828845685,57.320298129469194,7313900
2023-08-07,56.9868049621582,57.192784214667384,55.99125291786049,56.22175092646298,3583400
2023-08-08,56.29041290283203,56.44244192145631,55.162449029540845,56.31003015388162,3318600
2023-08-09,55.083984375,56.202141581864694,54.5347125270628,56.202141581864694,5306700
2023-08-10,54.33854675292969,55.476321197079294,54.22574848740772,55.1722593983052,3643400
2023-08-11,54.47586441040039,54.966284499637105,53.975633824078265,54.220843868696626,3291800
2023-08-14,54.94666290283203,55.23110743008632,53.975629556608375,54.03448130964279,4056800
2023-08-15,54.348350524902344,54.81915333026404,54.24045751378877,54.573943301954316,3548500
2023-08-16,53.42636489868164,55.01532491576813,53.249813369937776,54.20122578415939,4872100
2023-08-17,52.033565521240234,53.338084624252915,51.611803987304405,53.30865687754504,7003300
2023-08-18,52.3670539855957,52.563222760080485,51.606905129178394,51.73931690053092,4763800
2023-08-21,52.54360580444336,52.69563482826155,51.837399708963424,52.1512682532638,3843700
2023-08-22,52.769203186035156,53.06835975302144,52.523993130578106,52.87709620909362,3296900
2023-08-23,54.17180252075195,54.691646617190045,52.91142304311008,52.92613504710612,5731300
2023-08-24,52.89670944213867,54.745591473453835,52.84766818309632,53.98544260427678,4317900
2023-08-25,53.965824127197266,54.39739243522396,52.80843248035351,53.436169561704396,3650500
2023-08-28,54.505287170410156,55.034941752644094,54.26007713140647,54.407204651451984,2735300
2023-08-29,55.6724853515625,55.79018886369775,54.230652873184,54.348352643711,2976600
2023-08-30,56.084442138671875,56.30022817692142,55.643063306619794,55.662680559334156,3026800
2023-08-31,56.349266052246094,56.967196379991634,56.20213853653254,56.20213853653254,5110500
2023-09-01,56.82987976074219,57.14374832497014,56.486587187870505,56.62390421701918,2428000
2023-09-05,55.33899688720703,57.14374282873681,54.956469845197184,56.77102628307023,3240800
2023-09-06,55.31938552856445,56.16290490808611,54.97608923375604,55.31938552856445,4024500
2023-09-07,56.153099060058594,56.388502344347266,54.77011458658436,55.04474863358092,3564500
2023-09-08,57.53608322143555,58.11477906133085,56.015781732709726,56.104057496138104,7177000
2023-09-11,57.81071853637695,58.350183625622996,57.11432291048812,57.91861155422616,4608600
2023-09-12,55.495941162109375,58.065741477825554,55.19187934847244,57.61455587689991,6302400
2023-09-13,54.18161392211914,55.44689492780517,53.56368355271352,55.36842965798055,6016900
2023-09-14,53.7108039855957,54.7259733726191,52.602457330319645,54.45624458126601,5495600
2023-09-15,53.41655349731445,53.71080479303596,52.84766815780063,53.28904697218701,6097400
2023-09-18,53.347896575927734,53.985444186994314,53.0781677724829,53.24981405496749,2859200
2023-09-19,52.818241119384766,53.53425772880043,51.16062259596287,53.11249616067155,5644100
2023-09-20,52.79861831665039,53.67156530676159,52.72995607525476,53.25961056642593,2856600
2023-09-21,51.55296325683594,52.47495171570287,51.27832545122633,52.25916567021143,4185400
2023-09-22,51.85701370239258,52.36705099023596,51.39602141157117,51.79816569253892,3466100
2023-09-25,52.55341720581055,52.70054098382947,51.57257705258475,51.80797659405832,3203000
2023-09-26,51.709896087646484,53.64705396900778,51.1998587391282,52.08261266641845,7229200
2023-09-27,54.0246696472168,54.31892090244234,52.38666488183534,52.39647163564618,7201400
2023-09-28,54.868194580078125,56.0255862128699,53.916782214660415,53.94620622073895,5618900
2023-09-29,54.14237976074219,55.417471271770985,53.87755245788407,55.299771495481295,3883400
2023-10-02,53.51464080810547,54.58375673879304,53.102685992717085,53.95601588955319,3948000
2023-10-03,52.494564056396484,53.40674567401522,51.88644422518671,53.20077014529051,4471900
2023-10-04,53.56367874145508,53.79417676482501,52.15126659539524,52.67111439542363,4563300
2023-10-05,52.48475646972656,53.23019710302362,52.0041468760559,52.121846650194456,5156500
2023-10-06,53.2400016784668,53.59310472803202,50.52307403776573,50.84675308040325,5394300
2023-10-09,53.965824127197266,54.01486538512628,52.34743642428289,52.906514996211534,2259500
2023-10-10,54.358158111572266,55.02512969811005,53.83831404091505,54.40720311127123,2667000
2023-10-11,54.966285705566406,55.11831473925054,54.25027280856488,54.3973965935987,2078700
2023-10-12,53.4361686706543,54.451338033450234,53.13210688999164,54.063905741537646,4401800
2023-10-13,51.55296325683594,53.61272622006125,51.26361344659892,53.377322921197084,5447300
2023-10-16,52.131656646728516,53.034027809139936,52.004146376697925,52.36705619274527,5269100
2023-10-17,51.88644790649414,52.34744025468869,51.33717604931631,51.65104461295838,7323200
2023-10-18,49.18913650512695,51.08215835114303,49.06162623412462,51.03311334887481,5847200
2023-10-19,48.0611686706543,49.620704701672516,47.855193131480355,48.953733082016406,6619900
2023-10-20,47.35496139526367,48.04155025076852,46.86454131870425,48.031743495544966,6322100
2023-10-23,47.57074737548828,48.29657073432913,47.14898581076869,47.47266485692439,4821800
2023-10-24,47.22745132446289,48.17886365728235,47.031282560241735,47.90422963233751,5126600
2023-10-25,46.138729095458984,47.38439673855898,45.913136273078344,46.95282460738834,10203100
2023-10-26,45.690677642822266,49.23564239253201,45.48388508992376,48.16230523811956,9527500
2023-10-27,45.78915023803711,46.00578827991511,44.98168595370484,45.40511280480367,6082500
2023-10-30,46.64584732055664,46.980649844605374,46.05502110465016,46.242115196531536,5355800
2023-10-31,46.93141174316406,47.35483854627989,46.39966593138401,46.61630394871245,5035100
2023-11-01,48.900840759277344,49.25533799194219,46.90679570372831,47.2957577364366,5725500
2023-11-02,49.20610427856445,50.21051187637953,49.04855036653748,49.96433365406352,5897400
2023-11-03,49.75754165649414,51.618648437278615,49.6984612865528,50.141579086639304,4212000
2023-11-06,49.50151824951172,49.85601549679394,49.15686647848439,49.64922293162489,3496700
2023-11-07,49.67876434326172,49.71815375903864,48.8624350415442,49.353807297674244,3605500
2023-11-08,50.17111587524414,50.220350761969854,49.58816685288378,49.78707849985005,3607800
2023-11-09,49.6590690612793,50.52561741644655,49.540904571696025,50.50592270878577,3935500
2023-11-10,50.712711334228516,50.85057053100928,49.86979813363942,50.20066020591326,2578000
2023-11-13,50.16127014160156,50.71271067796997,49.89539722708722,50.35821345861752,3827200
2023-11-14,52.002685546875,52.88892483394983,51.24445622222504,51.43155030634075,4749800
2023-11-15,51.54971694946289,52.485194921931445,51.52017676557258,51.914063413890325,5927600
2023-11-16,51.87467575073242,51.923910644340516,51.13614107746616,51.32323517572957,4172900
2023-11-17,52.40641784667969,52.529506950035184,51.75158291529691,52.170085115429345,2855400
2023-11-20,52.7707633972168,53.36158962275108,52.19962812366966,52.435960867712296,4876500
2023-11-21,51.92390823364258,52.48519425875529,51.7171194362603,52.337489584788564,3030100
2023-11-22,51.943603515625,52.18978173133886,51.638341175842484,51.98299293167077,2217200
2023-11-24,52.17008590698242,52.20947532218534,51.79589397531748,51.79589397531748,710800
2023-11-27,51.34292984008789,52.03222961915048,51.145986509444064,51.845135521048725,2709300
2023-11-28,50.84072494506836,51.4709405612021,50.52561713700149,51.34292684030575,3067700
2023-11-29,51.41185760498047,52.160241483404675,50.919501174157716,51.45124702097784,4059200
2023-11-30,51.165679931640625,51.26415347267732,50.417299801669216,51.205069348055304,9300800
2023-12-01,52.40641784667969,52.52458233411419,51.28384582509854,51.33308071516447,3099800
2023-12-04,52.64274978637695,52.67229372718548,51.48078828474911,51.884520416238,3591000
2023-12-05,51.76634979248047,52.514733597987934,51.633415221918284,52.41626006758901,2474700
2023-12-06,52.19963073730469,53.0563336905205,52.12085565626723,52.41626878382571,2571000
2023-12-07,52.08146286010742,52.337490308734814,51.73681485970303,52.337490308734814,2465000
2023-12-08,54.42508316040039,56.000622318882925,53.8342531586832,55.19315803061292,10424000
2023-12-11,55.094688415527344,55.40979624821717,54.464472750147685,54.464472750147685,6106200
2023-12-12,55.468875885009766,55.58704037360704,54.08042717937106,54.75988144066342,3817200
2023-12-13,54.94697952270508,56.07447625328645,53.54868899621533,55.63627930967652,5095800
2023-12-14,57.91096496582031,58.2753076742274,55.153765937626126,55.46887751042154,6488700
2023-12-15,56.453590393066406,57.68448147517881,56.36496608489905,57.34967895058898,9179500
2023-12-18,55.89229965209961,56.601294105366705,55.53780618184747,56.56190468987822,3538000
2023-12-19,56.11878967285156,56.532367286675886,55.73474848752406,56.03016536183469,3905100
2023-12-20,55.32838439941406,56.84003369569213,55.30862380985491,55.90143018978831,2351800
2023-12-21,56.237342834472656,56.266985600084915,55.59514070338953,55.84214239279381,2481700
2023-12-22,56.415184020996094,56.84002722579181,56.03480307988426,56.42506619912436,1661400
2023-12-26,56.7511100769043,57.07221304545622,56.39543078954425,56.59302913731754,2377200
2023-12-27,57.087032318115234,57.2846344340513,56.6523106782134,56.69183185518998,1741800
2023-12-28,56.94871139526367,57.324155034873996,56.859790632433516,56.96847198355336,1846900
2023-12-29,56.760990142822266,57.15520312855546,56.56338803345752,56.731347376602166,1501800
