Price,Close,High,Low,Open,Volume
Ticker,VNT,VNT,VNT,VNT,VNT
Date,,,,,
2020-09-24,33.57389450073242,35.54882947136374,33.57389450073242,35.54882947136374,743500
2020-09-25,33.57389450073242,33.57389450073242,33.57389450073242,33.57389450073242,0
2020-09-28,32.58642578125,34.56136067708333,32.58642578125,34.56136067708333,150500
2020-09-29,30.11775779724121,30.11775779724121,30.11775779724121,30.11775779724121,220200
2020-09-30,30.611492156982422,30.611492156982422,30.364625284748694,30.364625284748694,21900
2020-10-01,33.57389450073242,33.57389450073242,33.57389450073242,33.57389450073242,43600
2020-10-02,34.56135940551758,34.56135940551758,34.56135940551758,34.56135940551758,63600
2020-10-05,33.82076644897461,34.29475046105022,33.29740980859968,34.028133747965796,1172100
2020-10-06,34.56135940551758,38.51122905186244,34.06762569972447,37.474389023074764,42400
2020-10-07,33.82076644897461,35.05510099090799,33.82076644897461,35.05510099090799,26000
2020-10-08,33.08015823364258,34.141686452726866,32.58642452866284,34.141686452726866,193000
2020-10-09,27.925579071044922,32.48767934020194,27.747834635650612,32.09269086890587,19985300
2020-10-12,27.500972747802734,28.636560099184866,27.2738556542153,27.9157092107839,6532300
2020-10-13,26.42462921142578,28.063825029202544,26.033592191284665,27.935455089304472,4937300
2020-10-14,27.658966064453125,27.846585424709637,26.098767424163114,26.464129359802527,7992200
2020-10-15,27.402219772338867,27.757708631547143,26.17776044816482,26.997358297549244,7194600
2020-10-16,27.905832290649414,28.587185405579387,27.283726699447538,27.757712539606764,11035000
2020-10-19,27.89595603942871,28.202070427895084,27.412097204935172,27.94532865957193,4852700
2020-10-20,28.083576202392578,28.518060545925987,27.747837102015534,27.945329471773054,4868800
2020-10-21,28.19219398498535,28.63655507574546,27.698460276782843,28.014451432125934,3869000
2020-10-22,29.485780715942383,29.535153338507588,28.290944038727215,28.320568742333233,5510900
2020-10-23,29.910390853881836,30.10788321968708,29.140165541940565,29.229037765758587,5701900
2020-10-26,29.12041473388672,29.930137737626044,28.883422773044334,29.880765118742303,4594200
2020-10-27,28.30081558227539,29.159913050476963,27.905828998281113,29.13028835038567,3144100
2020-10-28,27.905832290649414,28.863675105273714,27.59971788736863,27.807085162139373,3398000
2020-10-29,27.925579071044922,29.11053883459929,27.78733235271345,28.755051847255288,3320600
2020-10-30,28.37981414794922,28.389689048414205,27.283724681116844,27.79720820462793,2948300
2020-11-02,29.584524154663086,29.584524154663086,28.46868675519619,28.547684076543895,2303300
2020-11-03,29.436403274536133,30.11775632197146,29.06116648350262,29.624022611775207,1518500
2020-11-04,29.130287170410156,29.85113789243091,28.84392073146123,29.229034283269943,2307500
2020-11-05,28.9821720123291,29.703022848003105,28.715555330604804,29.18953928692923,2331100
2020-11-06,28.57731056213379,29.02166981615971,27.74783769448494,28.67605769084338,2295200
2020-11-09,28.182323455810547,30.68061503442639,28.14282385161443,29.81164446000453,3059300
2020-11-10,27.905832290649414,28.735305156622037,27.79721026094389,28.142824269006617,3128500
2020-11-11,28.64643096923828,28.863673130340196,28.241569465149215,28.241569465149215,2961300
2020-11-12,28.182323455810547,29.080918733379495,27.74783722687722,28.942672002137876,2002600
2020-11-13,28.211946487426758,28.61680801625411,27.93545678975626,28.25144609191958,1764300
2020-11-16,28.74517822265625,28.932795683058075,28.142822472301184,28.389689336093298,1572300
2020-11-17,30.256004333496094,30.492996313249282,28.59705859177895,29.0611695334765,4329200
2020-11-18,30.799110412597656,31.826075585198797,29.870890478624638,30.285626884574736,4008600
2020-11-19,30.33500099182129,30.99660429368275,29.762269915840083,30.562119948762383,1438300
2020-11-20,30.78923225402832,31.095346604961808,29.851137518769722,30.157253753147707,1956600
2020-11-23,31.401458740234375,31.59895294954679,30.41399146056104,30.769480283945637,1623000
2020-11-24,32.34943389892578,32.54692815386876,31.569335547135083,31.82607732518304,1857700
2020-11-25,33.2381477355957,33.406019128146845,32.09268586761187,32.14205847710739,3303400
2020-11-27,33.66276550292969,33.909632365295884,32.94191471684713,33.11965915910194,610400
2020-11-30,32.754295349121094,33.93925710909153,31.78657764576396,33.771389441264596,3411800
2020-12-01,32.58642578125,33.39614878719051,32.398808322226,32.75429343928893,2161800
2020-12-02,32.675296783447266,33.04065867081938,32.300058112506335,32.54692496527735,1191800
2020-12-03,32.7641716003418,33.178906137791664,32.54692754726452,32.63579977198799,1146700
2020-12-04,32.65555191040039,33.10978608398233,32.364250788284735,32.56667967931785,1358100
2020-12-07,32.102569580078125,33.00116493312858,31.89520229096415,32.89254666279976,2353400
2020-12-08,31.598957061767578,32.35930741809307,31.203970475184406,32.13712499111898,1424100
2020-12-09,31.559459686279297,32.043320407830294,30.966980706358004,31.58908438865326,2818500
2020-12-10,31.510086059570312,31.68783050124877,30.828732994284472,31.253344297528624,1614400
2020-12-11,30.78923225402832,31.598955179142735,29.752390407146002,31.56933048062227,2042800
2020-12-14,31.845827102661133,32.02357155528296,30.77936227037492,31.184223797593635,2477600
2020-12-15,32.36918640136719,32.62593008427767,31.51996555453734,31.855702802436145,1653400
2020-12-16,32.280311584472656,32.80367192688427,31.984072084495857,32.31981118897346,2243600
2020-12-17,33.08015823364258,33.26777568545476,32.27043525882694,32.339557676172966,1099000
2020-12-18,33.485023498535156,33.998507061667475,32.9122942949308,33.32702884579365,3498500
2020-12-21,33.741764068603516,33.83557469040529,32.50249501678192,33.099912427073264,2075700
2020-12-22,33.6133918762207,34.11699860292002,33.26777601913478,33.801009329914706,1802800
2020-12-23,33.72201156616211,33.919502022984176,33.514640559476526,33.919502022984176,1190300
2020-12-24,33.544273376464844,33.96888471795602,33.415901542158515,33.75164065480527,772600
2020-12-28,32.96166229248047,34.26511893642089,32.64567303133668,33.59364081476805,1308000
2020-12-29,32.27043914794922,33.16903444863239,31.91495023481923,32.75429612768418,1296700
2020-12-30,32.448177337646484,32.581483770879295,32.24081010066702,32.24081010066702,409900
2020-12-31,32.981414794921875,33.080160034537855,32.43337005120748,32.63579892248707,944800
2021-01-04,32.793800354003906,33.57390071586742,32.21119427914119,33.17891214186584,1886100
2021-01-05,32.635799407958984,32.912292863397674,31.895198799154063,32.912292863397674,2234800
2021-01-06,33.15916061401367,33.761512627658554,32.71479948354648,32.71479948354648,1553900
2021-01-07,33.791141510009766,34.778609081739894,33.18878568855201,33.425775796308926,2504600
2021-01-08,34.38361358642578,34.64529183726347,33.633140041251856,33.75163507114477,1441100
2021-01-11,34.30461883544922,34.51198608359454,33.90963037212455,33.95900298831784,759900
2021-01-12,33.56401824951172,34.43298684070636,33.30727461860805,34.11699757720119,1183100
2021-01-13,33.959007263183594,34.74898052238807,32.96166672972975,33.85038523375117,5848300
2021-01-14,35.45008087158203,35.78581993546208,34.561358712226266,34.966220192179634,20377200
2021-01-15,34.66011047363281,36.30918328732293,34.650237455286465,35.54883280039873,13379300
2021-01-19,33.63314437866211,35.1834680510471,33.356650917402604,34.83785216619511,6681400
2021-01-20,33.63314437866211,34.05775570466713,32.72467232062013,33.978756496624534,4216400
2021-01-21,33.494895935058594,34.21575052800253,33.109784211114864,33.80101221744726,3290400
2021-01-22,33.38627243041992,34.08737334425421,32.843162374883086,33.39614544648014,2514800
2021-01-25,33.83063507080078,33.83063507080078,32.94191657625243,33.54427235712819,1662200
2021-01-26,33.652889251708984,34.186118760338864,33.41589542918203,33.82075689387844,1644700
2021-01-27,31.95444679260254,32.9419142273955,31.184221515423953,32.803669389226776,4447500
2021-01-28,32.37905502319336,33.396145179262334,31.43108539621533,32.211183616400916,2711000
2021-01-29,32.02356719970703,32.6950453145297,31.682889750702994,32.3790560566001,2152200
2021-02-01,32.635799407958984,33.045599315551186,31.54958668846756,32.616049606364115,3129000
2021-02-02,33.445526123046875,34.0083823463881,32.719736843767414,32.89254668503579,1464400
2021-02-03,33.26778030395508,34.30462424186692,33.228284464909386,33.69239165053675,2521900
2021-02-04,33.8010139465332,33.988631425852425,33.15916229608968,33.346779775408905,954500
2021-02-05,33.91950988769531,34.289810230429495,33.73189240345702,34.05775851317024,1675900
2021-02-08,34.2651252746582,34.521865184244916,33.62326985035668,33.90963634839212,2770500
2021-02-09,33.77138900756836,34.393494582769364,33.13941041487063,34.10712810580022,1867600
2021-02-10,33.09003448486328,34.087378775870775,32.79379498629586,33.94913392766529,1816300
2021-02-11,33.50476837158203,34.60085776172774,32.58642341048098,32.58642341048098,3893800
2021-02-12,33.682518005371094,33.79114003622629,32.84316834587439,33.52452335146072,1324200
2021-02-16,32.51729965209961,33.93925125882183,32.497549853367346,33.56401638357572,2031800
2021-02-17,32.37905502319336,32.71479406988928,31.658204316117498,32.40867783802598,1777300
2021-02-18,31.510086059570312,32.30993604712335,31.401464037779107,32.15194140639688,2080300
2021-02-19,30.966983795166016,32.06307340755062,30.69049219576456,31.64833506672597,1936500
2021-02-22,30.42386817932129,31.164468683378878,30.315248052801756,30.611487501047,1908600
2021-02-23,31.361967086791992,31.529836632102462,29.83139137756247,30.078258245169355,1464200
2021-02-24,32.01369857788086,32.12725901212891,31.016357934576885,31.154602799303174,1240900
2021-02-25,31.510086059570312,32.695047748463544,31.35209141884384,32.082818986509636,1604200
2021-02-26,31.006479263305664,31.83595400117112,30.769487288249017,31.510087916592838,1318500
2021-03-01,31.855697631835938,32.06306865495532,31.233593979701045,31.302718281889057,789200
2021-03-02,31.20397186279297,31.807312652846655,30.927480298167147,31.75695310859992,930700
2021-03-03,30.11775779724121,31.41627804602777,30.10788289654022,31.18422258816639,1779200
2021-03-04,30.522621154785156,30.784299447131243,29.495655904552432,30.157259223974947,3272200
2021-03-05,31.61870765686035,31.7865753123644,30.710237543157575,30.858357281419458,2089400
2021-03-08,31.26321792602539,31.776701429217113,31.115098191801323,31.500209877472816,1725200
2021-03-09,30.670738220214844,31.87544782137781,30.621365601494226,31.589083242597827,2735100
2021-03-10,30.55224609375,30.937357830119733,30.107884949135038,30.838610699822535,1775800
2021-03-11,30.483125686645508,31.490341208744923,30.344878941694624,30.65099525423624,2327700
2021-03-12,30.690486907958984,30.868231342418017,30.236252805181103,30.7892340252634,2222600
2021-03-15,30.4633731842041,31.055854069305028,29.633900321751767,30.72998986501624,3804400
2021-03-16,30.443618774414062,30.80898252802126,29.8807626779592,30.42386897509594,1969700
2021-03-17,31.411334991455078,31.490332301892387,30.37449505653482,30.42386766926647,1777100
2021-03-18,31.539709091186523,31.885323055769547,31.14472251028218,31.312590159152514,1670900
2021-03-19,31.717451095581055,31.85569592566346,31.124972176116707,31.490334050890084,30134800
2021-03-22,31.766828536987305,31.95444977793558,30.96698225088882,31.717455914012902,2328600
2021-03-23,30.75960922241211,32.04331797619737,30.59173968858806,32.04331797619737,1430900
2021-03-24,30.41399383544922,31.02622442536847,30.26587410862111,30.64111275892647,2102500
2021-03-25,30.660865783691406,30.858360041333874,30.265879151851298,30.39425098435235,1952400
2021-03-26,30.828737258911133,31.15460148591779,30.49299813006246,30.966984001254374,1716100
2021-03-29,30.147384643554688,31.06572787272627,30.088135235134693,30.68061613522061,1208900
2021-03-30,30.12763023376465,30.334997481190367,29.870888486872396,30.009133318489543,2026800
2021-03-31,29.890642166137695,30.226381272307094,29.732647514227956,30.216506371132134,1609500
2021-04-01,30.690486907958984,30.690486907958984,29.92026165311804,30.206628104956394,1380800
2021-04-05,31.036102294921875,31.124974516212195,30.61149098952251,30.887982553919574,883700
2021-04-06,30.75960922241211,31.1644707069093,30.650989088839793,31.01635097316916,1201700
2021-04-07,30.058507919311523,30.887980678700476,29.846202279500982,30.621364031015904,1341500
2021-04-08,30.236257553100586,30.344877704091633,29.999263680977617,30.01901348422868,1213600
2021-04-09,30.3646240234375,30.3646240234375,29.861015398986638,30.13750696244339,1449600
2021-04-12,30.937355041503906,31.105224582844347,30.05850961630997,30.50286883742665,1341600
2021-04-13,30.927480697631836,31.25334488569329,30.21650480098267,30.76948605393202,994500
2021-04-14,30.907730102539062,31.115099244222385,30.483120685653535,30.66086324266752,680300
2021-04-15,30.897857666015625,31.41133931277663,30.690488520436713,31.065725325774913,769000
2021-04-16,31.13485336303711,31.460717587922876,30.31525534993382,30.828737058261897,990400
2021-04-19,31.194095611572266,31.480460180888254,30.878106341936164,31.18422071146556,997400
2021-04-20,30.562116622924805,31.411337301724018,30.384372190506838,31.036100520409658,1103100
2021-04-21,30.216506958007812,30.77936315179885,30.127634729151875,30.463373841842117,1279800
2021-04-22,30.937355041503906,31.075599881392026,30.19675445619809,30.404123599474953,1397400
2021-04-23,30.927480697631836,31.095350241993476,30.66086403009663,30.95710539961732,695800
2021-04-26,30.927480697631836,31.371841810190514,30.7201134340676,31.213847166490698,1189000
2021-04-27,31.292844772338867,31.41133981446677,30.295502397779458,30.89785815950463,1140300
2021-04-28,31.49033546447754,31.598957483529457,30.996601753797393,31.39159022909722,850200
2021-04-29,31.747079849243164,31.88532468877876,31.2533442435203,31.559458623968265,1177900
2021-04-30,30.94723129272461,31.529837262602772,30.858359067933378,31.460714839641764,807500
2021-05-03,31.381717681884766,31.766827518944062,30.966981258478544,31.253345852753558,1147900
2021-05-04,31.381717681884766,31.39159258285215,30.72011438462829,31.1545987265245,663000
2021-05-05,31.30272102355957,31.5989605251045,30.93735721377233,31.5989605251045,920600
2021-05-06,32.695045471191406,33.08015714570784,31.835949907509438,32.38892922809135,2726900
2021-05-07,34.33424758911133,34.4626194269242,32.58642955202158,33.09003635130312,1574000
2021-05-10,34.047882080078125,34.39349799700548,33.83063800468892,34.31449878163126,1229300
2021-05-11,33.672637939453125,34.186121456348715,33.45539766580103,33.672637939453125,1196600
2021-05-12,33.070289611816406,34.047880368134244,33.01104020326483,33.67264164775369,710700
2021-05-13,32.981414794921875,33.57389376639663,32.47780427896784,33.09003305174368,1468100
2021-05-14,33.56401824951172,33.722012881264305,32.991285355102875,33.33689743490879,843800
2021-05-17,33.70226287841797,33.88494193369104,33.391208241577225,33.64301347928423,729900
2021-05-18,33.50476837158203,34.07749749092331,33.44058434821722,33.722012399723084,831300
2021-05-19,33.56401824951172,33.67263649824418,32.69010749974808,33.099907370724495,793600
2021-05-20,34.28487014770508,34.34411578230314,33.67066378302092,34.0972489264398,1597300
2021-05-21,34.07749938964844,34.561360088316164,33.97875415329469,34.45273806819345,1178000
2021-05-24,34.20587158203125,34.556422071851536,33.939254920712436,34.10712634460474,1057000
2021-05-25,34.28487014770508,34.67985485695285,34.23549376302099,34.23549376302099,1655400
2021-05-26,34.72923278808594,34.83785482398653,34.12688073181059,34.5613651085231,2258600
2021-05-27,34.74897766113281,34.92672210067942,34.14662569032411,34.669982225161725,1638000
2021-05-28,34.64035415649414,34.88722097767706,33.91949972377791,34.42311014844877,929100
2021-06-01,34.66011047363281,34.926727171662584,34.36387095367413,34.719359884380495,1607200
2021-06-02,34.19071960449219,34.80338841944189,33.95356064415412,34.67492511700744,1102100
2021-06-03,33.59782409667969,34.13341275869307,33.23220177228487,33.7460512990536,980400
2021-06-04,33.95356369018555,33.993091443645895,33.47924195738351,33.56817751788227,791700
2021-06-07,33.469364166259766,34.151204842826594,33.28161295784665,33.97333368977218,1989600
2021-06-08,33.973323822021484,34.09190329975741,33.38536080522587,33.51876224648209,982100
2021-06-09,34.07215118408203,34.48718515375349,33.795464384017684,34.180850646843005,807300
2021-06-10,34.69469451904297,34.749044241439876,34.10178948459697,34.11167330843694,1709400
2021-06-11,34.437767028808594,34.81327316445932,34.151200227239514,34.76386535519391,1032300
2021-06-14,33.360660552978516,34.55635065944338,33.31125274319137,34.467415093996806,1128900
2021-06-15,33.0740966796875,33.666997988829706,33.06421285510953,33.39031121383996,2198000
2021-06-16,33.41994857788086,33.494062169346144,32.61952857528868,33.02467860311523,4703700
2021-06-17,32.866580963134766,33.61759338054677,32.767765325379216,33.5484216802029,953000
2021-06-18,32.77764129638672,32.915988449407806,32.0859243791537,32.43178283777021,3315600
2021-06-21,32.74799346923828,33.20255132354143,32.659057909085575,32.84681285250464,1144600
2021-06-22,32.58000946044922,32.71341092935589,32.29343887441336,32.61953344817101,659700
2021-06-23,32.42190170288086,33.08397466433884,32.3724901222323,32.58000896006294,772000
2021-06-24,32.38237762451172,32.67882829420521,32.05627924914653,32.530601074571074,1191200
2021-06-25,32.38237762451172,32.55036495516061,32.0958070103256,32.402141505101255,4445800
2021-06-28,32.0760383605957,32.56024393910959,31.86852329962156,32.412016741514215,1049200
2021-06-29,32.04639434814453,32.33296491900046,31.927814852111606,32.33296491900046,707500
2021-06-30,32.19462585449219,32.43178487830085,31.84876360454037,31.947583005772913,661800
2021-07-01,32.0760383605957,32.412016741514215,32.02663055125532,32.28355342156984,750000
2021-07-02,32.313201904296875,32.44660336969952,31.96733969140141,32.11556689258151,826200
2021-07-06,31.92781639099121,32.57012548090439,31.76970913213534,32.32308265334369,1945400
2021-07-07,31.819116592407227,32.026631660569116,31.680773213632634,31.819116592407227,766100
2021-07-08,31.512781143188477,32.49107235742539,31.384319707614857,32.49107235742539,746700
2021-07-09,32.006866455078125,32.03651038656512,31.502898887141182,31.502898887141182,617000
2021-07-12,31.85865020751953,32.14521707214569,31.759830797669956,31.908058027656796,642500
2021-07-13,31.28550148010254,31.838878734600147,31.25585566421575,31.745001260018853,583200
2021-07-14,31.68077278137207,31.720296767929568,31.23609494882507,31.36455638667912,718700
2021-07-15,31.08786964416504,31.646188867249244,31.03846183077406,31.55231138310421,667700
2021-07-16,30.77165412902832,31.453492863743385,30.682718559944302,31.2953856042134,1064900
2021-07-19,30.71236228942871,31.13727622731616,30.060169417020514,30.74200810536984,2172500
2021-07-20,31.957456588745117,32.37248668114133,30.781532339261567,30.99893120836851,1419600
2021-07-21,32.21438217163086,32.47130881500533,31.82899597614343,32.00686710784136,655500
2021-07-22,32.21438217163086,32.32802352727231,31.987103229922226,32.174858185366865,717500
2021-07-23,32.4811897277832,32.52071748466635,32.12544745498367,32.34284634826658,445400
2021-07-26,32.29344177246094,32.48119298210528,31.81911995106359,32.43178516583832,477800
2021-07-27,31.6708927154541,32.352733396121245,31.52266738194651,31.977227207462146,594300
2021-07-28,31.23609733581543,31.858646348954988,31.186687636874904,31.848762524379588,620700
2021-07-29,31.62148094177246,31.87840381581168,31.316136001350174,31.45349174887781,819900
2021-07-30,31.96734046936035,32.27367493345285,31.295385559707128,31.33491143213981,656200
2021-08-02,31.92781639099121,32.40213816755882,31.878404809819553,32.29343872030021,690500
2021-08-03,32.13533401489258,32.19462565526519,31.720300071433652,31.917935103101012,540100
2021-08-04,31.79935073852539,32.17485686442394,31.700535122560883,32.06615742511851,363800
2021-08-05,31.91793441772461,32.11556944514814,31.730183214938297,31.730183214938297,491800
2021-08-06,33.02468490600586,33.795461126947124,32.86657763983899,33.28161156951114,1158600
2021-08-09,33.21243667602539,33.37054392695807,32.530596093599165,33.10373723421401,893100
2021-08-10,33.34089660644531,33.52864776985185,33.12349774492018,33.12349774492018,854800
2021-08-11,34.0622673034668,34.067205446074226,33.29149109478861,33.528653875052946,698200
2021-08-12,33.943687438964844,34.36860145951545,33.834991747062844,34.14132248077964,658700
2021-08-13,33.83497619628906,33.97331953110347,33.64722129654967,33.746040656826494,341900
2021-08-16,33.96344757080078,34.21049040340394,33.48912578455166,33.65711687090053,590200
2021-08-17,33.42983627319336,34.07214534462847,33.232201262915524,33.983209778482156,509700
2021-08-18,33.528648376464844,33.750985383720824,33.30136945783739,33.429832766478604,1063300
2021-08-19,33.627471923828125,33.71640750163751,33.09386222654658,33.09386222654658,1174800
2021-08-20,34.032623291015625,34.141322753360356,33.5879491553507,33.59782921121162,935300
2021-08-23,34.36860275268555,34.393308547432575,34.04250812555998,34.14132376539803,1119800
2021-08-24,34.684814453125,34.74904800632125,34.31919209249329,34.506943300477204,875600
2021-08-25,35.257965087890625,35.2678451458654,34.60577194385935,34.74411537296057,849300
2021-08-26,35.0899658203125,35.42594425729191,35.055379971045866,35.25795692358963,736900
2021-08-27,35.752044677734375,35.92991584684351,35.04056000129785,35.04056000129785,1301900
2021-08-30,35.97932052612305,36.088019983263784,35.574170402873314,35.76192161184157,1903100
2021-08-31,35.939788818359375,36.068252141742285,35.56428644166215,36.018844331079414,1279600
2021-09-01,36.27105712890625,36.29083460273708,35.79640907346864,35.96451194277954,1232500
2021-09-02,36.36005401611328,36.439160139576046,35.75685426451899,36.29083474352057,850700
2021-09-03,36.43915939331055,36.666598452505774,36.21666941770015,36.280943377457795,843200
2021-09-07,36.27105712890625,36.50837927054134,36.27105712890625,36.41938629655375,683800
2021-09-08,35.99417495727539,36.15239095341469,35.70740728547076,36.093058540299864,976100
2021-09-09,35.85573196411133,36.22160951296802,35.737070912351584,35.9743967880379,657300
2021-09-10,35.865631103515625,36.38972099774408,35.63819579522464,36.043624609511646,1011400
2021-09-13,36.15239334106445,36.35016052017475,35.88540312266499,36.18205766349757,758800
2021-09-14,35.71729278564453,36.369934216585705,35.60851858512654,36.369934216585705,1137200
2021-09-15,36.07327651977539,36.12271830505213,35.4255804566673,35.73706709886055,669900
2021-09-16,35.4898567199707,36.068333567068024,35.43052808262739,36.03372393789553,799600
2021-09-17,34.748226165771484,35.3810902501121,34.6790068923072,35.331648450804394,1772000
2021-09-20,33.65060043334961,34.421906826796835,33.49238441431356,34.27357765862729,1276000
2021-09-21,33.04739761352539,33.81474693207726,32.84963043721858,33.779148991228716,1291700
2021-09-22,33.818702697753906,34.041192649040546,33.20561617487122,33.20561617487122,1145100
2021-09-23,34.056034088134766,34.19447642523601,33.77915695826823,33.93737299993025,1006400
2021-09-24,34.49111557006836,34.6147219150865,33.67036762850809,33.97691272213294,842500
2021-09-27,34.46145248413086,34.80755256371645,34.362568902630315,34.46145248413086,517600
2021-09-28,34.07581329345703,34.421913495515106,34.046148962943086,34.243919968095106,864900
2021-09-29,34.0164680480957,34.382341777340145,33.917580707646984,34.11535161637809,686900
2021-09-30,33.22539138793945,34.145023100249425,33.19572706566078,34.12524562800794,887200
2021-10-01,33.660484313964844,33.86814209007302,33.06717153229859,33.55171011538436,595600
2021-10-04,33.35394287109375,33.73959414706863,32.90895917875078,33.63081993647733,1257300
2021-10-05,33.45282745361328,33.665426773900975,33.086949907978344,33.324275781574876,962700
2021-10-06,32.918853759765625,33.363837505622996,32.5925310887477,33.17595338394569,636900
2021-10-07,33.31438446044922,33.63081643715309,33.13639100203245,33.13639100203245,460700
2021-10-08,33.403385162353516,33.6308204368981,33.0078470305153,33.29461095014368,737700
2021-10-11,32.216766357421875,33.23528164766374,32.17226610232209,33.12650743760547,714400
2021-10-12,32.42442321777344,32.65185848124223,32.08821374739197,32.23653912504537,1058700
2021-10-13,32.918853759765625,33.69015640447337,32.57275361424653,32.61230856324887,1213000
2021-10-14,33.611053466796875,33.63082717100611,33.22539833569431,33.22539833569431,768600
2021-10-15,33.729713439941406,34.01648117969599,33.5220556030851,33.798932718893504,787300
2021-10-18,33.56161117553711,33.90771138776947,33.4429500778249,33.62094361047736,641400
2021-10-19,33.818702697753906,33.98680554589635,33.62093175651747,33.62093175651747,720700
2021-10-20,33.97691345214844,34.016468388724014,33.73958760486134,33.93735851557286,475400
2021-10-21,34.056034088134766,34.2043632775164,33.77915695826823,33.9967054301165,542100
2021-10-22,33.95714569091797,34.16974882057889,33.89781326909372,33.9967006388008,422800
2021-10-25,33.818702697753906,34.24885043986367,33.75937028373289,34.11535722352508,721100
2021-10-26,33.44293975830078,34.22413293586981,33.43305290827901,33.878032830433945,646600
2021-10-27,32.98806381225586,33.71981130339312,32.92873140533939,33.31438261988018,748800
2021-10-28,33.16606521606445,33.27978097472213,32.80908992565078,33.14628774234846,864100
2021-10-29,33.45282745361328,33.67037208456274,33.0276212687043,33.14628231941917,1164000
2021-11-01,33.700035095214844,33.917579693363834,33.44293178990301,33.47259610506736,1249300
2021-11-02,34.0164680480957,34.125238464339795,33.7791422031851,33.83847460745434,722900
2021-11-03,34.0263671875,34.23402501920565,33.84837368256153,34.00658971226598,1418900
2021-11-04,32.38486862182617,33.78903516059038,32.305758735163224,33.62093230968213,1616900
2021-11-05,33.17594909667969,33.30450077824101,32.562862555041754,32.760633502328304,1185500
2021-11-08,32.96828842163086,33.67037163965303,32.70129823192523,33.41327207114024,966900
2021-11-09,33.33417510986328,33.551723594421965,32.97818805228296,32.97818805228296,792300
2021-11-10,33.205623626708984,33.640716777336976,33.08695877203679,33.15617805117834,1070900
2021-11-11,32.592529296875,33.32230410882654,32.55297435004732,33.12650976254666,1009400
2021-11-12,33.23527908325195,33.334162663584,32.612301965093025,32.78040857825766,903600
2021-11-15,32.94852066040039,33.4380009330132,32.88918823225998,33.36384011304751,934100
2021-11-16,33.11662673950195,33.63082601902294,32.98807503353781,33.04740368846912,857000
2021-11-17,33.13639450073242,33.255059333650614,32.91390454030326,32.99795596782831,628000
2021-11-18,33.09684753417969,33.42316643575199,32.759649701282356,33.26495041059047,815500
2021-11-19,33.571495056152344,33.8384853014918,32.97324060299389,33.077069514153536,2427500
2021-11-22,33.13639450073242,33.80881346526707,33.12650765073946,33.65059746020992,1136800
2021-11-23,33.01772689819336,33.14627855563463,32.57274329333232,33.1265010874001,896800
2021-11-24,32.93862533569336,33.12650565155794,32.651857665031464,32.81996050993658,774400
2021-11-26,32.10799789428711,32.582645991360664,31.752010878440004,32.43431681070179,949400
2021-11-29,31.672897338867188,32.51342297912876,31.574013744562215,32.384871288798436,890600
2021-11-30,31.15869903564453,31.60368090825293,31.04498138310848,31.42568929085987,1544000
2021-12-01,30.075044631958008,31.559498987139847,30.075044631958008,31.559498987139847,1872800
2021-12-02,30.708410263061523,30.906336359539793,30.07504184662008,30.164109250688703,1560200
2021-12-03,30.322452545166016,31.173540280664117,29.91670185442419,30.955820996328413,1736000
2021-12-06,31.331880569458008,31.767319119338428,30.619343216178184,30.668824268979677,1451000
2021-12-07,31.57929039001465,31.98009183533508,31.539705924310226,31.668357797326127,953900
2021-12-08,31.460533142089844,31.970195139560154,31.391257028163004,31.579288419373654,1116900
2021-12-09,30.916234970092773,31.46053601807468,30.8964417928757,31.223021666632334,796100
2021-12-10,30.49068832397461,31.22301882615193,30.45110386072289,30.92612874523016,1009000
2021-12-13,30.18390464782715,30.688619345497294,29.936495593336762,30.381832646451972,1191900
2021-12-14,30.055253982543945,30.480795987866728,29.916703622884533,30.06514868405121,1520800
2021-12-15,30.243284225463867,30.421419058095925,29.88701644778116,30.015668333803532,1352200
2021-12-16,29.98597526550293,30.81726980123714,29.946390800153356,30.42141570983542,828900
2021-12-17,29.679187774658203,30.16410925940463,29.570327194635954,29.887012346738757,2442500
2021-12-20,28.669757843017578,29.501052338481756,28.25411059528549,29.303126246159543,1178500
2021-12-21,29.402090072631836,29.758359702316575,28.79346404697455,28.85779092735234,2063300
2021-12-22,29.82763671875,30.025564728744573,29.392198116892164,29.629710596336817,1799700
2021-12-23,30.045352935791016,30.29276196355588,29.74846096992453,30.01566317293004,1735500
2021-12-27,30.391725540161133,30.520379297890603,30.124525211763725,30.154213088485008,1114500
2021-12-28,30.530277252197266,30.728203360327157,30.352142433573484,30.352142433573484,852300
2021-12-29,30.955820083618164,30.98550796067242,30.53027622841597,30.67872127643085,1896800
2021-12-30,30.569862365722656,31.133954711581346,30.559965776969538,30.906338833003506,847600
2021-12-31,30.411518096923828,30.777684298871147,30.36203704500877,30.56985972814939,864100
2022-01-03,30.213594436645508,30.545121663873243,29.90185849923013,30.41152054783808,1311200
2022-01-04,30.668825149536133,30.945923960891538,30.41151951490209,30.530276687649042,2239600
2022-01-05,30.352140426635742,30.975610363012773,30.332347250857136,30.634186574946916,1574100
2022-01-06,30.609445571899414,30.767787200497896,30.292762314702443,30.411517592360752,1075400
2022-01-07,30.263072967529297,30.757891035597194,29.748461723719213,30.57975622907977,2093900
2022-01-10,29.995874404907227,30.32245429403716,29.352611215721765,29.995874404907227,1807400
2022-01-11,30.282867431640625,30.292764019932765,29.74846298935239,30.104732617544546,2235800
2022-01-12,30.09483528137207,30.446155662896963,29.71877437352226,30.441208312664447,2066700
2022-01-13,30.174007415771484,30.53027705066732,30.07999265659897,30.18390400424984,1415100
2022-01-14,29.6890869140625,30.055253149871717,29.204165387642572,29.896909616421908,1337500
2022-01-18,29.47136878967285,29.669294911053797,29.14478889619198,29.313027137535542,1392000
2022-01-19,29.1249942779541,29.906805910784698,29.10520110052009,29.619812388316678,1177100
2022-01-20,28.51141929626465,29.456521821687183,28.48173141737661,29.263543058589693,860300
2022-01-21,27.97701644897461,28.501522438582864,27.947326682785327,28.442144793785594,1233500
2022-01-24,28.37286949157715,28.541107718483694,27.373336718494865,27.610849176319185,2281000
2022-01-25,27.304059982299805,28.071027577572732,26.80924193533907,27.917633303485726,2084600
2022-01-26,26.730073928833008,27.70981353813592,26.551939111217703,27.422818134737653,1421100
2022-01-27,26.92799949645996,27.175408540951864,26.13629130911835,26.829037388728167,1824700
2022-01-28,27.304059982299805,27.363437619412398,26.433179162603523,26.997273321706842,1817200
2022-01-31,27.818674087524414,27.838465376892582,27.086343528627232,27.30406281232707,2117300
2022-02-01,27.709810256958008,28.145250660947177,27.442608062175037,27.9176329278463,1307000
2022-02-02,28.02649688720703,28.105667707718528,27.576212491626414,27.690020428137863,1182400
2022-02-03,26.759765625,27.818676131022784,26.67069820976618,27.769193185014338,1623000
2022-02-04,26.71027946472168,26.90820744977438,26.037326580639878,26.522248067679726,1274700
2022-02-07,26.443077087402344,26.86862093132328,26.25504757910609,26.77955352735931,1319100
2022-02-08,27.13582420349121,27.205098434263014,26.53214552805484,26.53214552805484,1640400
2022-02-09,27.304059982299805,27.551469005780174,27.20509599539145,27.38323079431028,747500
2022-02-10,27.541574478149414,27.828569872889762,26.77955417581938,26.868621581940097,1774900
2022-02-11,27.234790802001953,27.838467647548317,27.007174911261824,27.640541524653973,1021500
2022-02-14,27.165515899658203,27.501992376681933,27.05665530780307,27.254583313433976,1124600
2022-02-15,27.917638778686523,27.947328546856095,27.30406533716672,27.333755105336294,1234600
2022-02-16,27.868154525756836,28.016599574430742,27.45250725692118,27.739502653594442,1275800
2022-02-17,24.473703384399414,27.85825934845797,23.9442481551787,27.709814292265666,5142900
2022-02-18,24.226295471191406,25.15655409484321,23.800751572470432,23.919508755575905,4722000
2022-02-22,24.671627044677734,25.285200339034404,24.255979827902166,24.5429733010481,6468200
2022-02-23,23.493959426879883,24.923983206549657,23.493959426879883,24.67162684620009,2394900
2022-02-24,23.751270294189453,23.870027476196206,22.67256661732184,22.82101167914425,3304100
2022-02-25,23.95909309387207,24.142177162141056,22.98925000620953,23.63251320159463,3861100
2022-02-28,24.048158645629883,24.05805523403291,23.112952748728233,23.701787489430185,2154300
2022-03-01,23.19707489013672,24.12733163261041,22.999146879458987,23.879922563053945,1968600
2022-03-02,23.905418395996094,24.148138983353896,23.380352378212756,23.41007195531191,2587400
2022-03-03,24.034210205078125,24.281883432389815,23.677560153078325,24.014395893389967,1950300
2022-03-04,23.67755699157715,23.826160530202802,23.231746375700187,23.67755699157715,3363500
2022-03-07,22.359935760498047,23.786533893948395,22.359935760498047,23.598301736507874,2317100
2022-03-08,22.00328826904297,22.45900798287968,21.745709779444475,22.320311582388687,3468000
2022-03-09,23.182214736938477,23.281284410220486,22.478823646870218,22.72649688527682,2353100
2022-03-10,22.657146453857422,22.934539244265526,22.285636632763715,22.83051694786249,1853200
2022-03-11,22.785934448242188,23.08314153303281,22.706679099658253,22.924630835864935,1876700
2022-03-14,22.5085391998291,23.152491016174203,22.369842815802286,22.785933857479247,1538300
2022-03-15,22.29058837890625,22.746306167646413,22.062729484536167,22.528354428196327,2281500
2022-03-16,23.400165557861328,23.41007082335095,22.449099455144868,22.449099455144868,2168700
2022-03-17,23.756813049316406,23.85588270789802,23.073236373256066,23.112863102930767,1574600
2022-03-18,24.252161026000977,24.281882492382632,23.538862839211546,23.657744925544772,2110300
2022-03-21,24.133277893066406,24.34132247992551,23.50914035329587,24.252159974244005,2128500
2022-03-22,24.262067794799805,24.747507067050254,24.167952653819512,24.32150883701911,1498400
2022-03-23,23.875699996948242,24.41562771951845,23.776630326003865,23.91532673156791,1362800
2022-03-24,23.945043563842773,24.07383278841842,23.727091841639197,23.935136409706733,1150400
2022-03-25,24.430484771728516,24.52955443157361,24.034208021944732,24.11346337190149,2397500
2022-03-28,24.311603546142578,24.480019517323473,23.994580245575616,24.281882080265365,912900
2022-03-29,24.806949615478516,24.935738853229374,24.460206743630867,24.65834417783193,1464400
2022-03-30,24.846574783325195,25.12396944127111,24.549367705923263,24.727690818606515,1529900
2022-03-31,25.153688430786133,25.475664331820607,24.588993863085708,24.68806351644989,2567600
2022-04-01,24.81685447692871,25.460806323987182,24.532526876112694,25.21313311807134,2008800
2022-04-04,25.153688430786133,25.232943775558184,24.559274289793983,24.78713316981407,1383200
2022-04-05,24.856483459472656,25.223038751401088,24.707879911674734,25.11406382413415,1479000
2022-04-06,24.341318130493164,24.663293997877023,24.06392539758032,24.55927172303471,1367800
2022-04-07,24.54937171936035,24.7078824385016,24.03421093735288,24.192721656494133,1088800
2022-04-08,24.767318725585938,24.93573656850378,24.341320541170425,24.440390193992062,1341400
2022-04-11,24.737598419189453,25.143782314107916,24.628623496628567,24.757412728599267,1285300
2022-04-12,24.420576095581055,25.18340997239436,24.321506441907193,24.925829628680916,931400
2022-04-13,24.777223587036133,24.841619138850742,24.30169156501199,24.509736116048945,898100
2022-04-14,24.787132263183594,25.104153630676215,24.628621579437283,24.628621579437283,1011500
2022-04-18,24.93573760986328,25.231954542557016,24.74750545060092,24.74750545060092,1209000
2022-04-19,25.758012771606445,25.82736096519455,24.915923514615383,24.915923514615383,1331700
2022-04-20,26.36233901977539,26.461406799398627,25.93634076484709,26.07503716799704,1316000
2022-04-21,26.164194107055664,26.49112262311186,25.871939684399642,26.45149589762439,1683100
2022-04-22,25.728290557861328,26.174103060221,25.708478138553733,25.936337022161343,1697900
2022-04-25,26.213729858398438,26.223637012876928,24.975363892534645,25.619315706461023,2038500
2022-04-26,25.401363372802734,25.918506281014427,25.381550952439465,25.86699020887672,1517300
2022-04-27,25.421175003051758,25.56977853289292,24.79703942188032,25.351826815098978,1404500
2022-04-28,25.985872268676758,26.15429012400788,25.123970571673706,25.718384753222043,5290300
2022-04-29,25.381547927856445,26.283078138037485,25.322105005060322,25.8273585112491,1194200
2022-05-02,25.381547927856445,25.6886621372509,24.871339899969804,25.133874751661732,1239800
2022-05-03,25.748109817504883,25.89671338366548,25.282484806309174,25.302299119023083,1275800
2022-05-04,26.659542083740234,26.748704583519686,25.540060093704273,25.728290358041793,2240400
2022-05-05,26.966657638549805,27.640329052449808,26.61991666633355,26.837868404526134,1794600
2022-05-06,26.738798141479492,27.362935656562986,26.491124944293208,27.135074879058237,1354400
2022-05-09,26.421777725219727,26.67935808653845,25.871942904865975,26.41187057021555,1221700
2022-05-10,25.639129638671875,26.57038142903747,25.4310850511373,26.530754698381816,1424700
2022-05-11,25.68866539001465,26.193918960179907,25.40136356224364,25.520247533292896,1261000
2022-05-12,25.678760528564453,25.8768998681453,25.123973023173576,25.520249812738488,1567000
2022-05-13,26.52084732055664,26.689265176020932,25.758013393477395,25.758013393477395,1522600
2022-05-16,26.64963722229004,27.016194407321393,26.33261581339625,26.501033673070655,973200
2022-05-17,27.640329360961914,27.739399021099445,27.036008024356505,27.095449064600388,1114600
2022-05-18,27.04591178894043,27.798838518770108,27.011237693255868,27.313399289589757,1214000
2022-05-19,27.75921058654785,27.858280236890565,26.79823743469889,26.79823743469889,1831600
2022-05-20,27.84837532043457,28.056419902233284,27.144982447122473,27.917723514367477,2724400
2022-05-23,27.74930763244629,28.185213026171198,27.452098636435203,28.016795161977257,1443700
2022-05-24,27.343122482299805,27.580888534716735,26.99637961392638,27.48181887381053,898300
2022-05-25,26.45149803161621,27.32330684823435,26.372242684650924,27.1350746905931,1593300
2022-05-26,27.055822372436523,27.491727774342003,26.84282324932343,27.214333084111836,3083700
2022-05-27,27.313400268554688,27.40256277196689,27.03600749313591,27.1945181904028,1503900
2022-05-31,26.570377349853516,27.24404867394465,26.387099733315768,27.16974596717718,1846900
2022-06-01,26.8629093170166,27.071148015099684,26.347267934106597,26.83316012099345,1171200
2022-06-02,27.29922103881836,27.447963234236568,26.77366326422376,26.86290895974661,964300
2022-06-03,26.49601173400879,27.130648048035187,26.29768942260535,27.051318745201858,631700
2022-06-06,26.76374626159668,26.90257205533895,26.595171272898384,26.724082559681566,1093900
2022-06-07,26.60508918762207,26.60508918762207,25.702717694145843,26.396850485139723,1075000
2022-06-08,26.267940521240234,26.783581941156232,25.98037250448387,26.605090534926866,940500
2022-06-09,25.851455688476562,26.629874906289746,25.831622893935737,26.119192740699532,965700
2022-06-10,24.681350708007812,25.603554976929733,24.671434309363963,25.36556708355628,905700
2022-06-13,23.332752227783203,24.135961589957034,23.193924540614674,24.02688309818739,1281400
2022-06-14,22.995603561401367,23.57074146584426,22.68820086543244,23.52115947067521,1126500
2022-06-15,23.30300521850586,23.650071631947057,22.841903049043662,23.055100907670692,1519600
2022-06-16,21.97423553466797,23.015432768660038,21.81557694456174,22.866690576855397,1357300
2022-06-17,22.698116302490234,22.96585339097687,21.984152624552173,22.15272761826306,4732100
2022-06-21,23.342670440673828,23.499345009356535,22.698117729780847,23.10468064170302,1329400
2022-06-22,23.30300521850586,23.769064641986454,22.886525900648387,22.97577160385783,1274600
2022-06-23,23.09476089477539,23.332748748398853,22.772484612437328,23.29308316044861,904100
2022-06-24,23.174097061157227,23.53107800192275,22.975772845229795,23.31292287749049,2316900
2022-06-27,23.005517959594727,23.491410121833947,22.965852366909292,23.40216442965128,980800
2022-06-28,22.896438598632812,23.36249794677078,22.772486463253188,23.13442647159855,1130300
2022-06-29,22.92618751525879,23.164175385351644,22.688197753806467,23.00551680528974,999000
2022-06-30,22.797277450561523,23.020391681701774,22.370881784684506,22.628702463851067,1120800
2022-07-01,22.817110061645508,23.22367292781696,22.509709285326505,22.797277265403107,1834600
2022-07-05,22.370882034301758,22.623745462868712,21.75608046981033,22.54937342120559,2170300
2022-07-06,21.83540916442871,22.341134116294498,21.58750488751565,22.222139231178033,1361600
2022-07-07,22.360965728759766,22.529540718050583,21.74616416171767,21.884989955947898,1164500
2022-07-08,22.132896423339844,22.42046632987209,21.92465771145907,22.42046632987209,1048700
2022-07-11,21.82549285888672,22.083313534932103,21.736247167511024,21.964318649311334,571000
2022-07-12,21.775907516479492,22.10314292872488,21.60733444911805,21.60733444911805,629300
2022-07-13,21.736249923706055,21.860202078405255,21.32968700760146,21.36935071359812,818200
2022-07-14,21.290019989013672,21.5577570792173,20.98261919546117,21.498260578514156,597800
2022-07-15,21.865158081054688,22.152727971351936,21.478427985760828,21.706499483428505,905400
2022-07-18,21.78582763671875,22.311385395820864,21.765996731577964,21.97423542075303,766800
2022-07-19,22.876609802246094,22.936106308048604,22.005969593912777,22.08331675367988,582400
2022-07-20,23.441829681396484,23.471578877878144,22.851818136374558,22.896440985417204,849000
2022-07-21,23.897974014282227,23.977303311693436,23.38233263542955,23.392249034025905,547700
2022-07-22,24.007049560546875,24.13596084527171,23.729397977495644,23.947553062944404,565600
2022-07-25,24.20537567138672,24.37395067083702,23.927722174833367,24.00705147508294,773200
2022-07-26,24.086383819580078,24.15579672420092,23.718493533729827,23.917808812060983,1026000
2022-07-27,24.72101402282715,24.820176108761338,24.11612700085213,24.165708989498963,742800
2022-07-28,25.355649948120117,25.4052319398986,24.47311129941868,24.968919869045934,1069000
2022-07-29,25.583723068237305,25.772130866295097,25.276322265039646,25.454813664109164,879500
2022-08-01,25.68288230895996,25.81179359010353,25.157326460579355,25.31598504401797,723000
2022-08-02,25.573810577392578,25.831629405980788,25.231701405076926,25.434982871968312,827700
2022-08-03,26.129114151000977,26.198527053851766,25.593639943821024,25.84154424906513,967600
2022-08-04,24.542522430419922,25.98036793541255,24.403696646149545,25.98036793541255,1823200
2022-08-05,24.51277732849121,24.696227878447246,24.086383506876068,24.205376515721298,644700
2022-08-08,24.324371337890625,25.16724447047957,24.324371337890625,24.740850650232357,900800
2022-08-09,23.48149299621582,24.185540222335167,23.332750810972527,24.106210930781444,738600
2022-08-10,24.284706115722656,24.294622515140993,23.699651789559457,23.798813892383013,1034600
2022-08-11,23.96738624572754,24.810261189351635,23.912847000646043,24.373949120059237,906800
2022-08-12,24.007049560546875,24.165710039752724,23.555863846729068,24.165710039752724,1457600
2022-08-15,23.858308792114258,23.97730368576735,23.659986491171995,23.858308792114258,869000
2022-08-16,24.046714782714844,24.14091772674739,23.679815621873168,23.679815621873168,857400
2022-08-17,23.650070190429688,23.947554588755725,23.580657290244257,23.798812389592708,848500
2022-08-18,24.12604331970215,24.215289007615183,23.622302421397947,23.67981488013697,767600
2022-08-19,23.45174789428711,24.01696943164242,23.41208418726981,23.927723726653703,819200
2022-08-22,22.678287506103516,23.065017631206068,22.60887270935194,23.02535203306231,868200
2022-08-23,22.70803451538086,22.95593882644694,22.598957904636446,22.68820171656922,556000
2022-08-24,22.995603561401367,23.124512966121443,22.737782860601488,22.777446565377,429500
2022-08-25,23.47157859802246,23.625279940972227,23.084848505170374,23.203841506958863,696400
2022-08-26,22.380800247192383,23.550908863889504,22.375842993314063,23.511243267423964,496200
2022-08-29,22.430381774902344,22.623746825239138,22.033733383959518,22.22214118052139,724400
2022-08-30,21.904821395874023,22.658450601826278,21.865155804916782,22.529539322574728,653800
2022-08-31,21.76087760925293,22.10833725514004,21.661603154213363,21.92964361476937,981000
2022-09-01,21.899858474731445,21.989205285796515,21.304213698798513,21.592109399675405,911500
2022-09-02,21.453126907348633,22.14804425394025,21.42334400500085,22.14804425394025,1068000
2022-09-06,20.837621688842773,21.41341107052606,20.753239659997956,21.36377480573524,1273900
2022-09-07,21.234718322753906,21.279391720223327,20.728420449267908,20.83762250830475,868100
2022-09-08,21.31414222717285,21.373708032717843,20.837627143828655,21.006393139200885,797200
2022-09-09,21.651676177978516,21.825406952958133,21.532548343109493,21.631822801168877,807900
2022-09-12,21.919713973999023,22.167899142134655,21.67152880586339,21.820439528044258,1067700
2022-09-13,20.7185001373291,21.42334515590221,20.65893432943355,21.42334515590221,788200
2022-09-14,20.758207321166992,20.907118043418038,20.54973268871604,20.7085710449175,1237600
2022-09-15,19.934228897094727,20.857477852681395,19.82006396834507,20.668856630028735,1965700
2022-09-16,19.388229370117188,19.76547005779585,18.946458103877728,19.76547005779585,3618000
2022-09-19,19.338584899902344,19.55698902642324,19.020908236056254,19.209529465278223,1314500
2022-09-20,18.762802124023438,19.120189444281984,18.504689269781483,19.080478900474166,1460800
2022-09-21,18.514610290527344,19.120182612706994,18.514610290527344,18.87199748309268,1318900
2022-09-22,18.08773422241211,18.385557557812316,17.670783067653858,18.365702290085125,2026100
2022-09-23,17.97852897644043,18.07780150012871,17.700560987008004,17.859399297111672,1418300
2022-09-26,16.975866317749023,18.038098561851875,16.96593868354681,17.829622030610622,2334300
2022-09-27,17.104921340942383,17.541727767232707,16.936155350796298,17.194268152990464,1564200
2022-09-28,17.442453384399414,17.611219375156658,17.14463193882902,17.19426821525656,2593500
2022-09-29,17.085065841674805,17.13470401075296,16.42985715786349,17.13470401075296,2230700
2022-09-30,16.588693618774414,17.16448495335533,16.539057348863388,16.91629981679555,1723000
2022-10-03,17.353103637695312,17.49705146589785,16.777314218387417,16.836878118728993,1981000
2022-10-04,17.88918685913086,17.997394847072727,17.64100169813349,17.71049324025235,1975300
2022-10-05,18.01824188232422,18.286282304284185,17.70056518674313,17.70056518674313,1755300
2022-10-06,17.452383041381836,18.18701099997892,17.343180948379974,17.918970531794056,1639700
2022-10-07,16.876590728759766,17.358070540765766,16.717752379263402,17.21412269481516,1377200
2022-10-10,16.985790252685547,17.040391282155078,16.72767750014916,16.93615209248497,1011600
2022-10-11,17.005647659301758,17.233979463411167,16.678043298234734,16.95601138082295,1361500
2022-10-12,16.985790252685547,17.124773314242756,16.846805297626137,17.124773314242756,1137400
2022-10-13,17.303466796875,17.432522225593413,16.48941990964545,16.687966868712405,1175400
2022-10-14,16.965938568115234,17.452381279698383,16.946083299845895,17.382889734258306,890200
2022-10-17,17.710494995117188,17.87429623298458,17.273688538299645,17.283616172943532,1585500
2022-10-18,18.286283493041992,18.43023134680448,17.79984078462289,18.187009045843634,1413200
2022-10-19,18.038095474243164,18.385555037834987,17.97853157272814,18.117514640763954,1287200
2022-10-20,17.750202178955078,18.216791501293642,17.521872281450378,18.09766178887671,1517900
2022-10-21,18.137372970581055,18.187009247980615,17.670783631613713,17.779985714095876,1043400
2022-10-24,18.355775833129883,18.474905553628655,18.137373554635243,18.25650138163135,886200
2022-10-25,18.971271514892578,19.04076304676362,18.365699205441103,18.365699205441103,1037600
2022-10-26,18.574174880981445,19.14003858805049,18.574174880981445,18.94148971958742,1136800
2022-10-27,18.9216365814209,19.050693928482655,18.713161950247752,18.752870592303445,1309800
2022-10-28,19.338584899902344,19.457714595595764,18.862069904133207,18.901780433865106,828200
2022-10-31,18.961345672607422,19.308805258264314,18.951418039474092,19.149966915135863,1325700
2022-11-01,19.427934646606445,19.566917734755087,18.99112822077885,19.10033030061139,812300
2022-11-02,18.72309112548828,19.427936148149552,18.703235856074603,19.31873405987702,1336100
2022-11-03,17.085065841674805,18.15722757173245,16.588695511908504,18.15722757173245,2852900
2022-11-04,17.63107681274414,17.730351271318145,17.129741649021675,17.293544789694202,1840500
2022-11-07,18.425268173217773,18.50965212334507,17.682698879611316,17.799842320844917,1402000
2022-11-08,18.14729881286621,18.981201066655622,17.98846046866846,18.435192601661228,1554000
2022-11-09,18.26642608642578,18.742941104988507,17.909040769254922,17.909040769254922,1918800
2022-11-10,19.8647403717041,19.968977684138604,19.050693352401797,19.149967794792868,1388200
2022-11-11,20.43060302734375,20.639079553833287,19.864741145233324,19.8845964131852,1454800
2022-11-14,19.983869552612305,20.500095173500615,19.934233274778002,20.232054728789073,1341300
2022-11-15,20.043432235717773,20.480236714418698,19.834955735585776,20.351181276053044,1410800
2022-11-16,19.368370056152344,19.95408718349466,19.100329629707048,19.864740374679563,1745700
2022-11-17,19.20953369140625,19.20953369140625,18.8471835486453,18.99112951683609,1314200
2022-11-18,19.179750442504883,19.54706534271759,18.981203434243483,19.54706534271759,880500
2022-11-21,18.961345672607422,19.497424607290345,18.946453276156223,19.030837211038317,1862200
2022-11-22,19.110254287719727,19.249237349346075,18.867032036371416,19.080471391584567,3123200
2022-11-23,19.25916862487793,19.36241374547596,18.96134718119269,19.130113170881675,1328400
2022-11-25,19.4378604888916,19.53713492563412,19.130111439141942,19.19960297681099,364600
2022-11-28,18.911706924438477,19.20953022875783,18.698267552402093,19.20953022875783,1090500
2022-11-29,18.951416015625,19.095363840432267,18.84221395632263,18.84221395632263,958200
2022-11-30,19.51305389404297,19.532935199541345,18.653207339087515,18.886807938729312,1371300
2022-12-01,19.234722137451172,19.642279397704325,19.10549555484278,19.33412676346096,1459000
2022-12-02,19.463350296020508,19.627368203609187,18.866924471311883,18.896746426142215,1374500
2022-12-05,19.045854568481445,19.354007219403467,18.88680791665165,19.354007219403467,1500900
2022-12-06,18.89674949645996,19.09555687300783,18.55877487074427,19.06573680931781,2252600
2022-12-07,18.797344207763672,19.006094126277116,18.53392354238748,18.85698622905937,1052500
2022-12-08,18.88680648803711,18.98621111190809,18.707878544266446,18.896747140022757,1421500
2022-12-09,18.96632957458496,19.254602790665487,18.797342284879075,18.866924951937005,1153800
2022-12-12,19.016033172607422,19.1054971539055,18.459369874741597,18.48919183383619,1652400
2022-12-13,19.413650512695312,20.049837099594363,19.22975128693152,19.741684458563334,3356500
2022-12-14,19.672101974487305,19.801326665184103,19.35400678203057,19.393769392082262,2182100
2022-12-15,18.797344207763672,19.396752494140287,18.63332817520409,19.344066844276508,1609000
2022-12-16,18.528947830200195,18.678055691706035,18.250617200157755,18.51900717970079,2932800
2022-12-19,18.359962463378906,18.687996379859907,18.101511211608205,18.618413715149607,1995800
2022-12-20,18.359962463378906,18.777460347626125,18.330142404780442,18.330142404780442,1611900
2022-12-21,18.956388473510742,18.956388473510742,18.4494266164066,18.528949933443403,1271200
2022-12-22,18.419605255126953,18.88680447268606,18.021986802071638,18.767518557572405,1579100
2022-12-23,18.767518997192383,18.767518997192383,18.31026041984713,18.31026041984713,913300
2022-12-27,18.74764060974121,18.886805941542498,18.58362270070217,18.74764060974121,965700
2022-12-28,18.379844665527344,18.827164526240125,18.340083953455935,18.747641206111798,1052800
2022-12-29,19.15519905090332,19.309274421922964,18.52895122654652,18.52895122654652,1672500
2022-12-30,19.214839935302734,19.24963126838282,18.837104649296602,18.94644802641168,1732800
2023-01-03,19.51305389404297,19.731744462553806,19.22478254825911,19.324187179765342,1503600
2023-01-04,20.248647689819336,20.362962356183836,19.731745105921473,19.791387128375625,1526800
2023-01-05,19.84108543395996,20.189000653859026,19.66712877200314,20.15918059522952,1606700
2023-01-06,20.745668411254883,20.805310432109675,20.13930186194326,20.218825188411536,1408300
2023-01-09,21.163166046142578,21.39179536946657,20.705905503508962,20.874892806832268,1210200
2023-01-10,21.441495895385742,21.535931143998724,20.999147297100368,21.083639997453506,916800
2023-01-11,21.4713191986084,21.61048454720398,21.342092606924776,21.600543894306345,619700
2023-01-12,21.739709854125977,21.759589262760755,21.37191330259191,21.55084125220386,921000
2023-01-13,21.729768753051758,21.799351421800367,21.43652615190725,21.501137546610657,1768700
2023-01-17,21.391794204711914,21.759588853340123,21.302330231589263,21.67012488021747,758100
2023-01-18,21.431554794311523,21.69497733409998,21.31724013952939,21.501137462788865,883800
2023-01-19,21.004117965698242,21.212867884312438,20.899743954383982,21.173105272772332,614400
2023-01-20,21.50113868713379,21.550841950294668,20.855011433927363,21.113462714407056,449400
2023-01-23,21.93851661682129,22.03792124123896,21.630363987513476,21.690006003769874,592200
2023-01-24,21.680065155029297,21.998158433491408,21.610482487363896,21.610482487363896,498700
2023-01-25,21.660184860229492,21.739708176588906,21.312269640162523,21.40173360806504,560500
2023-01-26,21.86893081665039,21.968335426832212,21.466342998607367,21.86893081665039,648400
2023-01-27,22.216848373413086,22.26654973581134,21.70988651381205,21.71982716548879,869800
2023-01-30,22.356014251708984,22.405717511308342,21.918635047162084,21.918635047162084,983500
2023-01-31,22.89279556274414,22.89279556274414,22.246666530883267,22.465357057107667,1177000
2023-02-01,23.429580688476562,23.578686679613572,22.544883497876178,22.793394115099705,1366300
2023-02-02,23.996185302734375,24.23972654905649,23.658210701626658,23.697973311632552,931400
2023-02-03,23.717851638793945,24.075705603989462,23.538923708203505,23.658207731273556,648300
2023-02-06,23.35005760192871,23.499163594567147,23.19101095698297,23.409699619786974,569800
2023-02-07,23.509105682373047,23.548868294030225,23.0220250654867,23.22083433180123,452100
2023-02-08,23.280475616455078,23.389820899065768,23.091607009032693,23.24071300605642,492000
2023-02-09,22.972322463989258,23.55880768255653,22.853036531405415,23.509104420652605,854500
2023-02-10,23.00214195251465,23.012082604647965,22.674108016057357,22.674108016057357,540400
2023-02-13,23.280475616455078,23.320236330868116,22.773513709785906,23.00214303162133,671900
2023-02-14,23.340116500854492,23.553835781388383,22.9524405482514,23.14130914648762,724900
2023-02-15,23.648271560668945,23.697972926382736,22.99220177813636,23.071725100869767,1107300
2023-02-16,25.924625396728516,26.222837354659912,24.105527902982068,24.354038499920026,2082300
2023-02-17,25.964387893676758,26.01408925446224,25.387843387032365,25.695995995070216,1105300
2023-02-21,25.367961883544922,25.934565734350656,25.169152650005724,25.66617383786835,1033100
2023-02-22,25.52701187133789,25.686058520705647,25.27850124470257,25.38784652713751,1238000
2023-02-23,25.705934524536133,25.755635881219035,25.198972723232576,25.64629062133438,1083900
2023-02-24,25.755638122558594,25.850071466868098,24.910701713523544,25.387843500733883,882600
2023-02-27,25.825220108032227,26.16418815908708,25.591621442247558,26.103552651928723,1050800
2023-02-28,26.014089584350586,26.322242196296166,25.78546028826146,25.78546028826146,1884800
2023-03-01,26.586210250854492,26.626010878764877,25.83001540074267,25.959365543653036,830000
2023-03-02,26.765308380126953,26.785208693412446,26.382235889473705,26.39716207333699,823300
2023-03-03,27.372257232666016,27.42200612277404,26.685711541943945,26.84491026764783,1290200
2023-03-06,27.063806533813477,27.561302963495354,27.009081622900744,27.362303632503295,1392200
2023-03-07,26.616060256958008,27.277731450924666,26.51656058671812,26.994156726511555,1316100
2023-03-08,26.88471031188965,26.959333645424902,26.57626112698883,26.765310321315383,1089800
2023-03-09,26.466814041137695,27.12350926587928,26.407114992833513,26.89466133254781,879300
2023-03-10,25.521570205688477,26.44691400423998,25.35242131888015,26.44691400423998,881300
2023-03-13,24.675825119018555,25.3424704908318,24.526576551734678,25.183271766022532,1484300
2023-03-14,25.680768966674805,26.038967056314434,25.073824523205886,25.312622617032787,1356600
2023-03-15,25.252918243408203,25.37729235234457,24.660898168078493,25.073821120690404,1333100
2023-03-16,25.611116409301758,25.79021543069101,24.96437141923926,24.96437141923926,787100
2023-03-17,25.113618850708008,25.81011459219301,24.994220773640887,25.67081430521708,1820000
2023-03-20,25.551420211791992,25.939466869456602,25.277797519905448,25.292721807416083,1134900
2023-03-21,25.830015182495117,26.25786243992477,25.5315180668829,26.019064367875323,1701500
2023-03-22,25.223072052001953,25.8996675721097,25.20317173722267,25.77031742384285,1251600
2023-03-23,25.39221954345703,26.0091140854921,25.123571002023194,25.332518602383935,1091300
2023-03-24,25.412120819091797,25.50166843849442,24.92954863170812,25.233021784689672,846800
2023-03-27,25.75041389465332,26.168310963859977,25.382267606184502,25.770314206948456,1699000
2023-03-28,25.740467071533203,25.999163554601335,25.62106708890316,25.750415330437228,935200
2023-03-29,26.138465881347656,26.377263967361753,25.939466527436664,26.068816676818354,925300
2023-03-30,26.67576026916504,26.75535962868928,26.188213954854273,26.21806442635027,1025100
2023-03-31,27.20310401916504,27.25285290135399,26.735458074075012,26.775256800266533,883000
2023-04-03,27.08370590209961,27.312555710136138,26.685709123903113,27.143406842177836,761800
2023-04-04,26.2877140045166,27.27275680438558,26.16333988486953,27.16330697180065,721000
2023-04-05,25.700668334960938,26.153390060324536,25.392221045695244,26.098665143335783,1578800
2023-04-06,25.551420211791992,25.859867506402363,25.36237101286373,25.770317985741528,946300
2023-04-10,26.078763961791992,26.0887141188955,25.347445443769146,25.392220201835723,1119500
2023-04-11,26.15836524963379,26.446912214783946,26.009114790702636,26.247912868074692,812600
2023-04-12,26.476762771606445,26.562330707037155,26.163339463756973,26.347412626488314,1052800
2023-04-13,26.725507736206055,26.894656591414886,26.32253496114432,26.67575695655746,778400
2023-04-14,26.825008392333984,27.29763041206639,26.770285375517272,26.914557907559004,758700
2023-04-17,26.92450714111328,26.974257924419955,26.626010032466574,26.70560938795892,508300
2023-04-18,27.133459091186523,27.30260797414179,26.93445973554556,27.014059098242242,675600
2023-04-19,27.033954620361328,27.213053629125007,26.735457537620647,26.854855611597653,1129700
2023-04-20,27.12350845336914,27.282707175943695,26.735461804318465,26.755360221291433,619900
2023-04-21,27.272756576538086,27.287680863475543,26.944408979324905,27.07375722764591,628900
2023-04-24,27.322505950927734,27.67075386878513,27.143408811096776,27.27275706171888,1093700
2023-04-25,26.496662139892578,27.1533592506231,26.24791389566686,27.00410878584887,2374600
2023-04-26,26.27776527404785,26.685712256817204,26.09866622838354,26.337464323336437,585700
2023-04-27,26.80510902404785,26.80510902404785,26.148413867588182,26.46681128916883,695700
2023-04-28,26.994157791137695,27.103607622498014,26.66581019485517,26.86480954318331,500600
2023-05-01,27.24290657043457,27.44688005252557,26.879734365628565,26.96430975458255,808700
2023-05-02,26.984209060668945,27.317530780831486,26.5563617976914,27.00410747691564,853500
2023-05-03,26.55636215209961,27.32250527507634,26.51656152347826,26.994157680143903,1022200
2023-05-04,27.272756576538086,27.859802568191714,26.65586201100954,27.083707384870365,1317200
2023-05-05,27.650854110717773,27.820001084943655,27.384194460007794,27.710553154432695,822700
2023-05-08,27.382205963134766,27.859802115354945,26.964308855492504,27.750352285463418,1032100
2023-05-09,27.571252822875977,27.67970820470514,27.073756364308323,27.18320619248869,930600
2023-05-10,27.541404724121094,28.048851348332388,27.372255849383997,27.859802159438356,1042100
2023-05-11,27.81999969482422,27.939399674086225,27.422002926948004,27.441903239791387,790900
2023-05-12,27.720502853393555,28.09859932107288,27.506579227667636,27.889651722623388,716800
2023-05-15,28.297603607177734,28.36725281883605,27.800107069276994,27.800107069276994,997500
2023-05-16,28.337400436401367,28.51649948164103,28.128452815487467,28.188151864634502,692600
2023-05-17,28.924442291259766,29.081652105288573,28.407045545820793,28.486644899134614,755200
2023-05-18,29.133392333984375,29.402038970404572,28.725445403266622,28.974193624328585,1217900
2023-05-19,29.14334487915039,29.581140417686367,28.994094416041996,29.571190260292575,931000
2023-05-22,29.073692321777344,29.367215307903873,28.964244391522254,29.073692321777344,928100
2023-05-23,28.91449546813965,29.14831942574102,28.765246900695615,28.97419641335606,941300
2023-05-24,28.63589859008789,28.7851471572284,28.426949077852377,28.655797007321063,816700
2023-05-25,29.053794860839844,29.13836835053516,28.566246645919577,28.795096466444875,1019100
2023-05-26,29.879638671875,29.91446327295167,29.11349365259139,29.163242540472798,1201100
2023-05-30,29.899538040161133,30.22788564490685,29.650789797238666,30.008987874342534,873400
2023-05-31,29.51614761352539,29.822861186948256,28.973424839148656,29.625688582471852,2138400
2023-06-01,29.555980682373047,29.74020711719181,29.127777158703484,29.386690961372956,805400
2023-06-02,30.053892135620117,30.063850578201535,29.750166284712417,29.765102998895188,1045300
2023-06-05,29.884599685668945,29.984182203024638,29.456396190604444,29.8049340516601,899600
2023-06-06,30.52192497253418,30.531883414277683,29.65556143401336,29.7551420526913,867000
2023-06-07,30.880420684814453,30.950127876301902,30.093720896590924,30.631465344142985,816400
2023-06-08,30.8206729888916,31.019836128612695,30.61154950789909,30.900338624655756,769000
2023-06-09,30.631467819213867,30.89038162235826,30.282929934235696,30.780840655810607,700100
2023-06-12,31.31858253479004,31.358414401517077,30.721089338856366,31.029793428660334,1192300
2023-06-13,31.637245178222656,31.761722848675802,31.398248278878036,31.42812170418454,1088500
2023-06-14,31.278751373291016,31.826452407200254,31.069629781958692,31.6372477005792,986100
2023-06-15,31.647205352783203,31.746785975095936,31.13933620159806,31.13933620159806,649200
2023-06-16,31.39824867248535,31.7268696506261,31.278749271625742,31.68703588388005,2339900
2023-06-20,31.23891830444336,31.39824957726179,30.99991949583712,31.24887484703824,1039700
2023-06-21,31.13933563232422,31.358415656537186,30.81071464631547,31.129377190399275,922100
2023-06-22,30.980003356933594,31.263812294777676,30.780838323642275,31.069627431976834,847800
2023-06-23,30.492053985595703,30.780841221741838,30.32276426117256,30.61155149731869,2513500
2023-06-26,30.531885147094727,31.20406385821265,30.511968262477346,30.64142611311165,820100
2023-06-27,31.129379272460938,31.199086471219253,30.546822726848845,30.621510096592015,868000
2023-06-28,31.23891830444336,31.4380814457771,30.970046069295286,31.1791676526025,738900
2023-06-29,31.786617279052734,31.836407586348773,31.17916565327301,31.308623491248266,739400
2023-06-30,32.075401306152344,32.38410725885015,31.86130148646337,31.94594727974447,942600
2023-07-03,31.726871490478516,31.906119652473322,31.657164294009124,31.83641055662528,455100
2023-07-05,31.149295806884766,31.45301975528608,31.13136947079559,31.428124598778258,723600
2023-07-06,31.109460830688477,31.12937771487392,30.591633238138527,31.019836751232575,1256200
2023-07-07,31.736827850341797,31.99574163408146,31.22895872447305,31.22895872447305,1354000
2023-07-10,32.17499542236328,32.2447026264737,31.458002695790107,31.617333990722177,776600
2023-07-11,32.304443359375,32.433901199059655,31.965863947031522,32.36419400817338,690800
2023-07-12,32.67290115356445,32.77248177300098,32.423945806216,32.543443309291256,795200
2023-07-13,32.62310791015625,32.936794087337894,32.47373697704058,32.69281890411891,680200
2023-07-14,32.27457046508789,32.53348234995783,32.08536577225051,32.53348234995783,354900
2023-07-17,32.423946380615234,32.523527001815864,31.96586564632362,32.0953234928902,432900
2023-07-18,32.533485412597656,32.71273358005748,32.30444693167841,32.32436381681366,704800
2023-07-19,32.354244232177734,32.62311271110515,32.12520192993057,32.52353207437335,641800
2023-07-20,31.756742477416992,32.60319291040075,31.687035286304532,32.50360849541366,896200
2023-07-21,31.67707633972168,31.945950457142686,31.627286032400534,31.92603357446284,708900
2023-07-24,31.657161712646484,31.99574112449992,31.59741106393459,31.706952020527904,435200
2023-07-25,31.527706146240234,31.85632714033467,31.5077892619003,31.647205552901227,465600
2023-07-26,30.92025375366211,31.597412610513445,30.89038032722246,31.37833258598214,1161500
2023-07-27,30.92025375366211,31.368374144042726,30.621508092994087,31.15925256145083,1049100
2023-07-28,30.631467819213867,31.33850013214848,30.452219655546312,31.04971290131194,1042400
2023-07-31,30.800756454467773,30.820673338479367,30.50200889242968,30.631466739126434,1012800
2023-08-01,30.860506057739258,30.99992045090592,30.412387551398425,30.531885060004516,702100
2023-08-02,30.233137130737305,30.511965896242504,30.16840821043995,30.511965896242504,1179000
2023-08-03,29.645605087280273,30.024016403382443,28.7692811457089,29.87464356543103,1854300
2023-08-04,29.555980682373047,29.884601682034553,29.10786027402614,29.585854110010395,1142300
2023-08-07,29.894559860229492,30.0588694089191,29.701370259199315,29.775060452599973,937500
2023-08-08,30.13355827331543,30.23314080139141,29.476316247144204,29.755145046502456,747600
2023-08-09,29.48627471923828,30.1335583033083,29.48627471923828,30.1335583033083,811300
2023-08-10,29.307025909423828,29.654566626929277,29.21740182595817,29.56593971728254,660900
2023-08-11,29.087942123413086,29.336897472909104,29.018234929454774,29.336897472909104,542500
2023-08-14,29.117816925048828,29.217399442930606,28.998319423093534,29.08794159987073,513600
2023-08-15,29.19748306274414,29.217399946539505,28.819071767525116,28.938569271540143,713500
2023-08-16,29.34685707092285,29.595812430226374,29.043133128050627,29.157652365404807,980000
2023-08-17,29.29706573486328,29.506187317667557,29.227358540595187,29.3767313710809,1038100
2023-08-18,28.96844482421875,29.25723204400004,28.72944791493743,29.04811046064586,1174400
2023-08-21,29.376731872558594,29.411585470287612,28.9286114740732,28.96844524255129,949900
2023-08-22,29.94434928894043,30.07380713500246,29.5261042236406,29.555979549511516,1215800
2023-08-23,30.163433074951172,30.347659514079282,29.964268022276286,30.033975220898885,666700
2023-08-24,30.083763122558594,30.30782331401023,30.00409748775119,30.06384813839066,579400
2023-08-25,30.51197052001953,30.60159460805025,30.014059764017233,30.282932028109386,671700
2023-08-28,30.840587615966797,31.104481574623065,30.54184196015726,30.54184196015726,598700
2023-08-29,31.129379272460938,31.139337715051944,30.67130041016832,30.77088293669965,637700
2023-08-30,31.338499069213867,31.60737130559563,31.089543716870445,31.11941904292795,532800
2023-08-31,31.278751373291016,31.687038012978704,31.199085733824607,31.358417012757428,1061300
2023-09-01,31.696996688842773,31.706955131271773,31.204064235190145,31.388292571058578,958000
2023-09-05,30.581676483154297,31.53766608363038,30.432303642280175,31.53766608363038,1043600
2023-09-06,30.746118545532227,30.985310160522673,30.454103999441998,30.47702726582073,837600
2023-09-07,30.22787094116211,30.5567596694665,30.088342965798457,30.397298583072015,1426200
2023-09-08,30.018579483032227,30.337501661185502,29.918915827127794,30.24780456096413,460000
2023-09-11,30.118242263793945,30.367400461577922,30.058444828585124,30.237839035137778,565900
2023-09-12,29.739519119262695,30.183020354672145,29.714603682618808,29.928879859422963,474400
2023-09-13,29.6597900390625,29.829217677863713,29.390698747861858,29.689689705060147,720300
2023-09-14,30.058443069458008,30.108273945728047,29.809284886255654,29.839184552573325,572200
2023-09-15,30.098308563232422,30.168072548693537,29.79931761006559,29.95877869138415,1587800
2023-09-18,31.364032745361328,31.458714075580414,30.138174888316225,30.138174888316225,976600
2023-09-19,30.835817337036133,31.543425666071624,30.556759487048655,31.23447005064247,702400
2023-09-20,30.845783233642578,31.633122088582198,30.83581667839954,31.144772287229564,846900
2023-09-21,30.237838745117188,30.68632425719726,30.148141642701173,30.68632425719726,498500
2023-09-22,30.237838745117188,30.50693005236523,30.17106491142568,30.317569291606294,418300
2023-09-25,30.5268611907959,30.626524848902136,30.02854480119088,30.02854480119088,479900
2023-09-26,29.749486923217773,30.496961459474875,29.719587257434114,30.367398142005058,559800
2023-09-27,30.835817337036133,30.875681657933725,30.217904205251745,30.44712927795963,870500
2023-09-28,30.955411911010742,31.35406462088696,30.661405181053397,30.83581704851091,881700
2023-09-29,30.815885543823242,31.30423537648879,30.72618844181057,31.09494340574334,812500
2023-10-02,30.417232513427734,30.91355482553755,30.25777142273797,30.626524482110746,994000
2023-10-03,30.616558074951172,30.756087955676655,30.247805013788334,30.486996650984103,877800
2023-10-04,30.865713119506836,31.119855514990157,30.516893205590065,30.72618515394013,715300
2023-10-05,30.795949935913086,31.05507466506581,30.576691427057398,31.015210345694783,573900
2023-10-06,30.71622085571289,31.189621789140617,30.596625990991296,30.596625990991296,1089400
2023-10-09,30.855749130249023,31.02517677434995,30.287668765006526,30.596626287201595,576800
2023-10-10,31.334135055541992,31.66302379606612,30.87568298942966,30.87568298942966,671400
2023-10-11,31.473663330078125,31.922146943567753,31.403899339152595,31.403899339152595,734800
2023-10-12,31.10490608215332,31.56834044609821,30.845783249406065,31.42383014731541,607600
2023-10-13,30.805917739868164,31.373998095649046,30.621541215834707,31.124839911469635,614600
2023-10-16,31.094942092895508,31.254403178424113,30.69628747814791,31.055075871050313,649800
2023-10-17,31.573326110839844,31.682956322631664,30.875682419134666,31.02517695280688,952400
2023-10-18,30.2777042388916,31.553394932980908,29.978715153225572,31.513530608657685,786600
2023-10-19,30.21790313720703,30.636488946930392,29.998644627704707,30.197970026999727,712700
2023-10-20,29.918916702270508,30.227872333777828,29.659791949709913,30.13817523093277,611400
2023-10-23,29.70962142944336,30.12820725603106,29.699654873938165,29.799318528064017,650900
2023-10-24,29.599994659423828,30.02854516286781,29.251172802313718,29.928883404487372,1192000
2023-10-25,28.932249069213867,29.639857400767454,28.747870644012362,29.58005996874523,942800
2023-10-26,29.151508331298828,29.470430511458872,28.95218101823573,29.04187811902151,695500
2023-10-27,29.0418758392334,29.435546206120506,28.922280981524654,29.40066421421162,485300
2023-10-30,29.201339721679688,29.460464472839735,28.87245098000081,29.241205945362545,638800
2023-10-31,29.460464477539062,29.560128135835928,29.06181174527777,29.141542291730026,562800
2023-11-01,29.560129165649414,29.58006227818845,29.161476419499888,29.36080184211153,931600
2023-11-02,31.354066848754883,31.364033404825722,29.889017323013196,30.377367164927094,1118000
2023-11-03,32.22114181518555,32.75932066393903,31.41386783927642,31.41386783927642,925400
2023-11-06,32.45036315917969,32.59985578803697,32.00187766890352,32.21116963041501,1062900
2023-11-07,32.231101989746094,32.38059841696963,31.981943812274913,32.260999754449976,635700
2023-11-08,32.36066436767578,32.500192334715216,32.071639977750124,32.36066436767578,853800
2023-11-09,31.762685775756836,32.562981351926084,31.61318934629611,32.510158418430144,644300
2023-11-10,32.19123840332031,32.24106928252211,31.802552222952936,32.01184419671193,476400
2023-11-13,32.55998992919922,32.67958859584075,32.16632334085717,32.300867088513634,625900
2023-11-14,33.40713119506836,33.601474282748185,33.11810677682829,33.15797300041706,579700
2023-11-15,33.636356353759766,34.11473963234651,33.31743416803527,33.40713127038605,991500
2023-11-16,33.64632034301758,33.85561611226313,33.37224861481751,33.65628879966617,654100
2023-11-17,33.83568572998047,33.86558349863325,33.5815432908741,33.64632305690599,537000
2023-11-20,33.58652877807617,33.83568699779209,33.546662550476974,33.83568699779209,538500
2023-11-21,33.27756118774414,33.486853116784296,33.138033235050706,33.47688846381401,675500
2023-11-22,33.31743240356445,33.55662212926431,33.128073553897714,33.427062611948614,370800
2023-11-24,33.24766540527344,33.41709112881041,33.19484247638862,33.22773229629524,625800
2023-11-27,33.82571792602539,33.865584152901015,33.197841961071255,33.32740149563806,931900
2023-11-28,33.34733581542969,33.77389609435402,33.29750493095883,33.73602203689627,696500
2023-11-29,33.3922119140625,33.78118868955698,33.232631600918744,33.56176813691855,751800
2023-11-30,33.64155578613281,33.74129585798817,33.18276286968231,33.54181951897217,927400
2023-12-01,34.24995803833008,34.24995803833008,33.37226440051101,33.65153280622766,759200
2023-12-04,34.24995803833008,34.70875096992159,33.81111312176796,34.120297842986446,911800
2023-12-05,33.81111526489258,34.210064176683375,33.74129911021181,34.120300005708806,757300
2023-12-06,33.62160873413086,34.160193723481854,33.57174059912313,33.92082134887203,854900
2023-12-07,33.94076919555664,33.95074510532562,33.452056148330925,33.64155658229878,568700
2023-12-08,34.15022277832031,34.40953937198544,33.7911661065571,33.82108622763905,496000
2023-12-11,34.37961959838867,34.539199920263584,34.130275107665675,34.22003927651375,863200
2023-12-12,34.170166015625,34.579090812438174,34.16019391044681,34.47935454187685,670400
2023-12-13,34.15022277832031,34.38959135636582,33.601661860518206,34.130274762700694,1288000
2023-12-14,35.09772872924805,35.237364838344725,34.42948732826978,34.52922360150103,905100
2023-12-15,34.82843780517578,35.29221872565152,34.64891326615802,35.03789007597088,2803400
2023-12-18,34.64891052246094,34.958095241831685,34.42948616314377,34.958095241831685,714700
2023-12-19,34.95809555053711,35.127651776423534,34.7586192043686,34.79851523454127,1211700
2023-12-20,34.18014144897461,34.997991031198886,34.140245419428354,34.78854258312323,897000
2023-12-21,34.35967254638672,34.63893716632769,34.10035213813144,34.48933275051436,699300
2023-12-22,34.31977462768555,34.70875141399832,34.15022220480865,34.47935494526758,418700
2023-12-26,34.59904098510742,34.69878106658344,34.26990822797425,34.36964450475519,480700
2023-12-27,34.9182014465332,34.968073389347516,34.48434445973111,34.599040796935896,554800
2023-12-28,34.738677978515625,34.8384142578212,34.589069754862095,34.74865008456811,349500
2023-12-29,34.459407806396484,34.77856844967783,34.42948768505604,34.60901602248867,498000
2024-01-02,33.950748443603516,34.31977724275057,33.711376046643565,34.1901170358683,622700
2024-01-03,33.37226486206055,33.93079787652372,33.12292037778688,33.531845179807895,788200
2024-01-04,33.342350006103516,33.47699437480547,33.22764985116108,33.372270131438285,873100
2024-01-05,33.58171463012695,33.656518739275896,33.282501998226216,33.282501998226216,758200
2024-01-08,33.68144989013672,33.80113416482904,33.44207753605759,33.65152977263726,907700
2024-01-09,33.41215896606445,33.69142355484568,33.212682629208715,33.37226293775437,767500
2024-01-10,33.47200393676758,33.75625648814406,33.31242362379648,33.35231584851817,954200
2024-01-11,34.99799728393555,35.0478654274304,33.97269273052374,34.11033139376247,1323500
2024-01-12,34.628963470458984,35.327124988254596,34.628963470458984,35.24733673109006,693000
2024-01-16,34.020565032958984,34.38959383680166,33.87095680736846,34.299829662386394,489000
2024-01-17,33.831058502197266,34.11032691757281,33.63158595439398,33.80113838096577,597500
2024-01-18,34.7087516784668,34.8184638610207,34.05048238783828,34.05048238783828,817600
2024-01-19,35.22739028930664,35.24733830566262,34.379620520000366,34.74864931084832,685400
2024-01-22,35.67620849609375,35.74602464580727,35.38696798745501,35.48670806182775,430300
2024-01-23,35.12765121459961,35.62634016969753,35.017939035726904,35.62634016969753,497100
2024-01-24,34.46937942504883,35.406913222373774,34.38459941731475,35.406913222373774,474800
2024-01-25,34.56911849975586,34.96308323408951,34.46439427488663,34.8184629793573,535400
2024-01-26,34.439456939697266,34.78854148011673,34.249956512403045,34.599037248127836,394100
2024-01-29,34.97804641723633,34.97804641723633,34.279881051075506,34.39956915135118,462800
2024-01-30,34.95809555053711,35.13762388161928,34.83841126471394,34.91819952036444,410700
2024-01-31,34.499305725097656,35.097731012810385,34.444449629842886,34.86833452569733,516600
2024-02-01,35.60639572143555,35.63631584423603,34.62198411246986,34.70875399046933,562600
2024-02-02,35.935523986816406,36.01531604388711,35.13762243958285,35.33709877756491,490400
2024-02-05,36.005340576171875,36.14497667775886,35.31715119661948,35.576467775891544,587400
2024-02-06,36.19485092163086,36.40429940232557,36.075162814352126,36.164926992463485,612300
2024-02-07,36.04523849487305,36.47411131763709,36.03526638944141,36.29458298230819,473600
2024-02-08,36.384342193603516,36.424238219285186,35.805865039997,36.174893765816385,581000
2024-02-09,36.6037712097168,36.623719225107855,36.204818511285396,36.3045585882407,395000
2024-02-12,36.67359161376953,36.773327897594974,36.504035365631864,36.51401127683162,450500
2024-02-13,35.59641647338867,36.184869596364265,35.29720385935079,35.93552511721689,689200
2024-02-14,36.33448028564453,36.3544283019012,35.7061310899923,35.96545149663388,1328300
2024-02-15,38.528709411621094,38.57857754577185,36.454161549635856,36.58382174218362,1584100
2024-02-16,40.99223327636719,41.45103003672356,38.64340860033041,39.03737335726625,2801800
2024-02-20,40.98225784301758,41.36126250829597,39.99485205325656,40.4835688956967,1722500
2024-02-21,41.55076599121094,41.60063412866776,40.79276040966025,41.131869070939636,959400
2024-02-22,42.4982795715332,42.58804374875388,42.04945868542981,42.1691429868256,1313900
2024-02-23,42.50824737548828,43.066780399961424,42.019534308182365,43.02688436863585,854700
2024-02-26,42.348663330078125,42.717695880338745,42.30876730226163,42.57805978298102,956800
2024-02-27,42.5980110168457,42.996963715777966,42.31874641041007,42.996963715777966,550200
2024-02-28,42.72766876220703,42.88724907168131,42.1791116861826,42.2588999385724,533700
2024-02-29,42.88724899291992,42.96704104985787,42.30876799420383,42.96704104985787,1666100
2024-03-01,43.006935119628906,43.22635948093199,42.777538653127884,42.887250833779426,507800
2024-03-04,43.44578552246094,43.93449859465216,42.91717261385033,43.09670095191507,628600
2024-03-05,43.395912170410156,44.04420934843403,42.98698737025975,43.22635974813322,967000
2024-03-06,43.02168655395508,43.99468767087341,42.88197396351374,43.610478047159724,585800
2024-03-07,43.50069808959961,43.67034798630042,43.18933700439042,43.231250777002295,544600
2024-03-08,43.321067810058594,43.89988141847597,43.08654863447163,43.530636679223946,506600
2024-03-11,42.47281265258789,43.20131671258391,42.442871522120626,43.12147877384779,695400
2024-03-12,42.732276916503906,42.99174640187212,42.48278907658649,42.64246114185835,529000
2024-03-13,42.852027893066406,43.2412321018577,42.6055360817356,42.891946859129426,550300
2024-03-14,42.63248062133789,42.89194628350114,42.422907955760635,42.80213051450577,780600
2024-03-15,43.10151672363281,43.45978240965355,42.21334064591391,42.39297219049551,2102000
2024-03-18,43.12147521972656,43.810064060482695,42.98176264533608,43.37096304739017,800900
2024-03-19,43.979713439941406,43.99967292274615,42.72728349383885,42.951824820230655,661800
2024-03-20,44.428794860839844,44.43877269937946,43.22127463278322,44.00965331141185,699000
2024-03-21,44.90781021118164,45.00760382223137,44.338978253057256,44.70821918219994,612200
2024-03-22,44.66830062866211,45.167276302295825,44.44875392094322,44.98764856211938,941000
2024-03-25,44.37889862060547,44.74813956139955,44.26912336085746,44.63836430165155,666600
2024-03-26,44.11942672729492,44.638361867977196,44.109448889171986,44.42879300545613,503700
2024-03-27,44.648345947265625,44.81799585278016,44.16932593984048,44.348957490904326,701100
2024-03-28,45.26707458496094,45.30699355326514,44.57649089945125,44.59844518995386,833100
2024-04-01,45.16727828979492,45.52654139972104,44.80801898675124,45.40678829870648,1202100
2024-04-02,44.887855529785156,45.01759028353487,44.15935143191507,44.56851137200327,859500
2024-04-03,43.770145416259766,45.24711291006306,43.570554391284794,44.897831471518494,1194500
2024-04-04,42.69235610961914,44.15934576334966,42.40295312101068,44.15934576334966,1541700
2024-04-05,43.00172424316406,43.331046212297096,42.74225856466174,42.74225856466174,601800
2024-04-08,43.23125457763672,43.32107035639856,42.692359905065686,43.011704050245,551300
2024-04-09,42.672401428222656,43.20131827426304,41.99379795884719,43.20131827426304,685900
2024-04-10,41.90397644042969,42.442867245063496,41.62454748989438,41.71436325848036,665300
2024-04-11,41.973838806152344,42.19338553358838,41.714369300706174,41.89400086389733,622600
2024-04-12,41.484840393066406,41.82214922305164,41.135558917403124,41.60459349802488,603100
2024-04-15,40.99584197998047,41.95387433182461,40.94594136856349,41.864058560909086,460100
2024-04-16,40.52680587768555,40.99584424132584,40.46692742481156,40.99584424132584,623200
2024-04-17,40.307254791259766,40.965902536093616,40.19747953264041,40.85612727747425,597900
2024-04-18,40.247379302978516,40.55674178146253,39.89310322780772,40.55674178146253,601200
2024-04-19,39.878135681152344,40.6265992058296,39.708485776195694,40.26733610488334,616700
2024-04-22,40.09768295288086,40.521811487809586,39.868154614059215,40.11764243541518,388700
2024-04-23,40.67649841308594,40.88607110559304,40.119642857888586,40.31723909782213,554500
2024-04-24,40.227420806884766,40.945943199455414,40.007870288855834,40.826190101840695,461400
2024-04-25,40.69645690917969,40.826191657219574,39.93801551954858,40.17752172390262,493400
2024-04-26,41.135555267333984,41.16549258919654,40.65653908312193,40.70643588852027,417900
2024-04-29,41.434940338134766,41.554693433714405,41.09563672825723,41.15551517948819,571800
2024-04-30,40.5467643737793,41.644509334871756,40.52680488997442,41.30520572395335,691900
2024-05-01,40.536781311035156,41.205410671031515,40.09269328083072,40.327212448735075,842300
2024-05-02,40.267333984375,40.66152521010583,38.34128764441534,40.047787284044496,1252300
2024-05-03,39.35919952392578,40.35715086506177,39.239446428916494,40.2473794153179,759700
2024-05-06,39.73842239379883,40.13760445596258,39.53883136271695,39.83821600589862,700300
2024-05-07,41.105613708496094,41.23035762412784,39.668565170895945,39.7184619757722,1227200
2024-05-08,40.47690963745117,40.92598471620899,40.297278083195074,40.92598471620899,424000
2024-05-09,40.49686813354492,40.60663958568211,40.25735813142212,40.576702262997635,521300
2024-05-10,40.51682662963867,40.60664241082322,40.007873074181305,40.51682662963867,563000
2024-05-13,40.177520751953125,40.81621283083885,40.04778981393409,40.5367838566756,530700
2024-05-14,40.117645263671875,40.3671331026165,39.87813526325682,40.3671331026165,794400
2024-05-15,40.41702651977539,40.86610535359374,39.94798820368934,40.32721075301172,638300
2024-05-16,40.067745208740234,40.34217952519999,39.51886896205673,40.30725138285486,926100
2024-05-17,39.68852615356445,40.322223593885205,39.42905666739423,40.1875018349416,1008500
2024-05-20,40.147579193115234,40.37710752872008,39.78831612629652,39.78831612629652,537500
2024-05-21,40.42700958251953,40.43699122838447,39.98791233652423,40.13760656943847,360300
2024-05-22,40.69645690917969,41.01580105290673,40.317238117805374,40.41703173513915,463100
2024-05-23,39.918052673339844,40.816210381242854,39.80827741938702,40.73637244859274,437500
2024-05-24,40.307254791259766,40.407052211314785,39.80827911163163,40.06774859689236,416600
2024-05-28,39.40909957885742,40.367131939140265,39.369180612125085,40.35715029401608,564700
2024-05-29,38.71053695678711,39.159615862515544,38.540883233786325,39.00992162497854,601900
2024-05-30,39.049835205078125,39.23944458048452,38.80034738154662,38.89016315029325,695400
2024-05-31,39.898094177246094,39.918053660902416,38.73049293496818,39.099733865404495,1025400
2024-06-03,39.369178771972656,39.918051214799746,38.80034684671232,39.918051214799746,1018000
2024-06-04,38.940067291259766,39.38415539627662,38.810332532649944,38.9799862641986,696600
2024-06-05,39.41907501220703,39.69850014852172,38.48100219252063,39.10970874922866,565900
2024-06-06,39.094539642333984,39.53391494460764,38.92477849214867,39.334197512922096,564400
2024-06-07,38.964725494384766,39.294256042058045,38.63519113741805,39.014653903511814,530500
2024-06-10,38.735050201416016,38.784978608527695,38.195814262306016,38.485404356564345,555400
2024-06-11,37.98611068725586,38.635187564468296,37.78139927668502,38.40551385628915,604000
2024-06-12,38.824920654296875,39.16443913639638,38.465430048627624,38.735048002879566,372600
2024-06-13,38.685123443603516,38.94475345722926,38.318642748724166,38.6651513180487,377400
2024-06-14,38.075984954833984,38.24574229922923,37.69652220773022,38.18582973499244,365200
2024-06-17,38.30565643310547,38.485401733893,37.926193708188116,38.036038481924166,568900
2024-06-18,39.374141693115234,39.473998504138955,38.285685692066735,38.385542503090456,753100
2024-06-20,39.13447952270508,39.82350446172169,38.9447500604229,39.24432429902907,812700
2024-06-21,39.483985900878906,39.503958024654,38.69011017031494,39.17442369630473,2542300
2024-06-24,39.30424118041992,39.62378754698487,39.26429693227601,39.48398648777435,506500
2024-06-25,38.32563018798828,39.33419769930418,38.31564222124543,39.33419769930418,460500
2024-06-26,38.33561325073242,38.405513778763535,37.84630955451463,38.1958121946702,486100
2024-06-27,38.05601119995117,38.41550180714384,37.98611067180739,38.31564118887194,579700
2024-06-28,38.14588165283203,38.59524488591935,37.926192114590926,38.285682701060786,2321600
2024-07-01,37.83632278442383,38.455443399115595,37.77641022095594,38.41550295990141,422700
2024-07-02,38.22576904296875,38.31564169595633,37.94616692669324,38.26571329080615,519400
2024-07-03,38.275699615478516,38.61521427965264,38.01107184187748,38.225767403177166,344500
2024-07-05,38.01606750488281,38.385542274623305,37.696521140357014,38.15586856320121,1014800
2024-07-08,38.10593795776367,38.77499073874774,38.02605327589131,38.275699096843454,737600
2024-07-09,37.93618392944336,38.38554339882922,37.90622383800258,37.976124369208975,405700
2024-07-10,38.65515899658203,38.675131119887226,37.84630895383315,37.93618160406003,540100
2024-07-11,39.653743743896484,39.903389580323875,39.09453950824675,39.09453950824675,595100
2024-07-12,39.54389953613281,40.25289661686468,39.533915378620854,40.15303599527903,477900
2024-07-15,40.41266632080078,40.48256684524262,39.48398357116733,39.633768776702894,584100
2024-07-16,41.331363677978516,41.55105323092773,40.52251361356209,40.552469894675845,500500
2024-07-17,40.83207321166992,41.39128126777577,40.722228431962236,40.89198958495408,466600
2024-07-18,39.88341522216797,41.296411491426355,39.70167385576231,40.69226905822915,573500
2024-07-19,39.69369125366211,39.973293394462424,39.11451103709749,39.81352019839174,518200
2024-07-22,39.59383010864258,40.133062205657026,39.299246048805074,40.133062205657026,1546900
2024-07-23,39.483985900878906,40.07315021971807,39.07456688672241,39.434057496087746,566900
2024-07-24,38.56528854370117,39.493971379195074,38.5253481041081,39.144468724672954,594300
2024-07-25,38.515357971191406,39.23433917353756,38.35558479392482,38.615214778498135,631100
2024-07-26,39.18441390991211,39.62378923028114,38.83490743774493,39.09454125241693,745000
2024-07-29,39.31422424316406,39.703671128490704,39.039616115730354,39.214367434877815,293900
2024-07-30,38.86486053466797,39.81651335311512,38.62520267385482,39.503957051853405,516000
2024-07-31,39.17442321777344,39.922362673589014,38.88483314051181,39.214367464835675,762300
2024-08-01,35.2000617980957,35.289934448675325,32.114439207252616,33.961816813364536,3644800
2024-08-02,32.97322082519531,34.940431133361,32.66365863270797,34.31132259153515,1578400
2024-08-05,32.36408615112305,33.00317888425375,31.984623412341758,32.793477295437704,1954800
2024-08-06,32.75353240966797,33.24283991667303,32.264228711956,32.45395817300653,977200
2024-08-07,32.6436882019043,33.492486331385436,32.453958737553364,33.24284049494271,1009000
2024-08-08,33.35268783569336,33.56238944019093,33.0231534778028,33.033141445232275,947100
2024-08-09,33.39262771606445,33.41259984129414,32.933280263661835,33.262814616011575,792000
2024-08-12,32.88335037231445,33.48249886501207,32.84340612365642,33.30275355534414,708800
2024-08-13,33.782073974609375,33.90190290084029,33.0031764308762,33.12300535710712,1178900
2024-08-14,33.67223358154297,33.95183571552043,33.47251613900476,33.85197889889802,991200
2024-08-15,34.42116928100586,34.640855027606925,34.00176229332533,34.26139609743546,623000
2024-08-16,34.11160659790039,34.491069332099165,34.02173394530839,34.411180836776005,1145000
2024-08-19,34.62088394165039,34.870529786545916,34.14156437656618,34.14156437656618,645300
2024-08-20,34.251407623291016,34.73072716690097,34.16153497078333,34.331296118539235,681200
2024-08-21,34.760684967041016,34.78065708953719,34.2114611216282,34.46110693889116,1232300
2024-08-22,34.35126876831055,35.10020628091069,34.32130867748718,34.780659913611416,657000
2024-08-23,34.98037338256836,35.2799514337272,34.540998081784906,34.540998081784906,583100
2024-08-26,34.91047286987305,35.38480224490687,34.800628092301146,35.230019235922306,567600
2024-08-27,34.91047286987305,35.050273928857955,34.311324385853986,34.550982255744344,703500
2024-08-28,34.60091781616211,35.17809816233481,34.580945690191214,34.92046421310931,592500
2024-08-29,34.720741271972656,35.33986184198875,34.68079702634764,34.870526479127086,646900
2024-08-30,34.98037338256836,35.125168424816955,34.680799140702675,34.78065976085335,1885200
2024-09-03,33.73214340209961,34.740714690640736,33.37265279665101,34.61089779216361,1384700
2024-09-04,33.35268783569336,33.692206351719946,33.17294251489732,33.58236156575642,1319600
2024-09-05,33.087860107421875,33.607512843305564,33.03789430461787,33.38765873639228,937900
2024-09-06,32.528236389160156,33.32770074873607,32.47827058146418,33.05788462474845,552300
2024-09-09,32.268409729003906,32.71311186820281,32.23842719668783,32.62816961962471,800600
2024-09-10,32.238426208496094,32.42330387221661,31.96860820487437,32.25841329204532,625800
2024-09-11,31.928638458251953,32.13849713382572,31.1991250998412,32.13849713382572,1266400
2024-09-12,32.388328552246094,32.55721426769623,31.778735825366937,32.07853446470929,1366800
2024-09-13,33.11783981323242,33.19778814981755,32.47826836913747,32.49825545328375,947900
2024-09-16,33.427635192871094,33.57753261154921,33.072873012875576,33.10784945844846,641300
2024-09-17,33.437625885009766,33.82736449957232,33.27773302231368,33.70744580558689,509100
2024-09-18,33.18779373168945,33.857347728857405,33.07786667154646,33.54755363319502,664100
2024-09-19,33.98725891113281,34.15714722982197,33.51757574989113,33.97726727457308,537600
2024-09-20,33.217777252197266,33.782398118085325,33.18779471808292,33.70744750101957,3044100
2024-09-23,33.35768127441406,33.61750574607568,33.177801327822735,33.47759996809277,1021300
2024-09-24,33.24775314331055,33.58252821726708,33.217774423895456,33.48759052292408,879500
2024-09-25,32.8480224609375,33.38766233859392,32.69812503635303,33.38766233859392,1149500
2024-09-26,33.437625885009766,33.557548391141744,33.05788271869815,33.40764716455005,1236300
2024-09-27,33.85734558105469,34.2770628980879,33.377667013525425,33.55754695286719,1011100
2024-09-30,33.71744155883789,33.94728731278349,33.427634551283916,33.777399000299695,815300
2024-10-01,33.48759078979492,33.65747909617594,33.052884106226195,33.52756495743122,615800
2024-10-02,33.33769607543945,33.85734886029688,33.19779028954452,33.427636053821445,549700
2024-10-03,33.007911682128906,33.372669284669676,32.987924598633185,33.09785165178647,796600
2024-10-04,33.66747283935547,33.687459924424665,33.24775548934243,33.41763999421056,663800
2024-10-07,33.497589111328125,33.7474219622669,33.14782083272578,33.43762785472998,635900
2024-10-08,33.17780303955078,33.61250975611867,33.10785014695028,33.47760169528819,496300
2024-10-09,33.5075798034668,33.82736553868215,33.22776823819002,33.3376952994478,465200
2024-10-10,33.85734558105469,33.87733266455337,32.88799299817362,33.2077787098598,955900
2024-10-11,34.48692321777344,34.8266960293245,33.817373042975305,33.817373042975305,826100
2024-10-14,34.327030181884766,34.56687138207113,34.2370902083332,34.51690557724171,529100
2024-10-15,34.317039489746094,34.826696812459886,34.08719373149112,34.12716790131285,751500
2024-10-16,34.43695831298828,34.82669693980866,34.287060893828645,34.53689373790804,443400
2024-10-17,35.28639221191406,35.29638384831622,34.466940789657706,34.55688076586373,701800
2024-10-18,35.276397705078125,35.38632476916965,34.926633239465794,35.38632476916965,570800
2024-10-21,35.18645477294922,35.35634307923404,34.98658774702737,35.16646768914239,471300
2024-10-22,34.716773986816406,35.15647842377484,34.69678690166193,35.01657263984019,490900
2024-10-23,34.20711135864258,34.61683705613046,33.909310283436675,34.24708552721372,498500
2024-10-24,34.30704879760742,34.37700169064746,34.07719922087957,34.29705334880355,719100
2024-10-25,34.00724411010742,34.78672514366577,33.967273753938834,34.5868581142368,542300
2024-10-28,34.466941833496094,34.7067792358779,34.17713481115019,34.19712189670647,970200
2024-10-29,33.90731430053711,34.50691160849125,33.77740015269325,34.347018738893695,1488200
2024-10-30,34.057212829589844,34.39698181487994,33.57753044673537,33.657478781259925,951200
2024-10-31,37.05521011352539,37.454940385932,36.205776136886186,36.265737393213215,1674800
2024-11-01,36.93528747558594,37.35500864415794,36.51557011916068,36.75540751936176,1215600
2024-11-04,37.05521011352539,37.53488872770137,36.72542892194685,36.96527013510822,736700
2024-11-05,37.98458480834961,38.05454151347249,36.505574794909364,37.045214665422456,1094500
2024-11-06,39.99324035644531,40.22308610530376,39.07385354886505,39.973253272351556,1211600
2024-11-07,40.42295455932617,40.68277903741288,39.67345603404378,40.0432075724487,1017400
2024-11-08,40.02322006225586,40.962593977065985,39.78338267151677,40.32301870675302,1163300
2024-11-11,40.32301712036133,40.77271697548824,40.113158458684254,40.223085513509325,732200
2024-11-12,39.49357604980469,40.303035828801995,39.48358060134054,40.193108768576195,1088200
2024-11-13,39.093841552734375,39.738410734373645,39.04387574739767,39.493575619721184,1161800
2024-11-14,38.913963317871094,39.16379616770574,38.73408336101841,39.01389874509301,882000
2024-11-15,38.05453872680664,39.07385332471532,38.01456455884844,38.97392171696631,707300
2024-11-18,37.594844818115234,38.2893798106032,37.57485773339261,38.06453177873029,755000
2024-11-19,37.06520080566406,37.45493943149141,36.685453816229895,37.09517952699027,1072600
2024-11-20,37.36499786376953,37.499909728284095,36.7654005899058,37.05520759087009,964400
2024-11-21,38.31999969482422,38.47999954223633,37.34000015258789,37.7400016784668,953100
2024-11-22,38.84000015258789,38.95000076293945,38.040000915527344,38.40999984741211,1137700
2024-11-25,39.02000045776367,39.625999450683594,38.97999954223633,39.27000045776367,1337700
2024-11-26,38.95000076293945,39.125,38.63999938964844,38.90999984741211,833200
2024-11-27,39.18000030517578,39.38999938964844,38.709999084472656,39.02000045776367,624000
2024-11-29,39.2599983215332,39.6349983215332,39.20000076293945,39.29999923706055,675900
2024-12-02,39.310001373291016,39.584999084472656,39.099998474121094,39.380001068115234,807100
2024-12-03,38.93000030517578,39.2400016784668,38.70000076293945,39.13999938964844,591700
2024-12-04,39.08000183105469,39.20000076293945,38.619998931884766,38.9900016784668,496900
2024-12-05,38.5099983215332,39.180999755859375,38.400001525878906,39.13999938964844,443100
2024-12-06,38.63999938964844,38.790000915527344,38.310001373291016,38.790000915527344,731300
2024-12-09,38.88999938964844,39.099998474121094,38.560001373291016,38.7400016784668,534100
2024-12-10,39.150001525878906,39.869998931884766,38.689998626708984,39.709999084472656,1100800
2024-12-11,39.15999984741211,39.439998626708984,38.93000030517578,39.439998626708984,823100
2024-12-12,39.90999984741211,40.40999984741211,39.64500045776367,39.939998626708984,1144600
2024-12-13,39.599998474121094,39.775001525878906,39.0099983215332,39.77000045776367,763800
2024-12-16,39.43000030517578,39.86000061035156,39.08000183105469,39.4900016784668,794600
2024-12-17,38.18000030517578,39.39500045776367,38.119998931884766,39.25,1320200
2024-12-18,36.95000076293945,38.459999084472656,36.7400016784668,38.41999816894531,868100
2024-12-19,36.380001068115234,37.345001220703125,36.34000015258789,37.16999816894531,1005000
2024-12-20,36.529998779296875,36.900001525878906,35.790000915527344,36.18000030517578,4081800
2024-12-23,36.81999969482422,36.93000030517578,36.27000045776367,36.27000045776367,584500
2024-12-24,37.11000061035156,37.130001068115234,36.630001068115234,36.84000015258789,182300
2024-12-26,37.349998474121094,37.41999816894531,36.959999084472656,36.959999084472656,395100
2024-12-27,36.61000061035156,37.38999938964844,36.40999984741211,37.08000183105469,309700
2024-12-30,36.220001220703125,36.470001220703125,35.89500045776367,36.310001373291016,410500
